24680901,Dirk,Guys,dguys0@naver.com,3,2133 Delladonna Drive,1
11904532,Kasey,Akred,kakred1@tripadvisor.com,1,81286 Mendota Circle,1
21127267,Barth,Beetham,bbeetham2@w3.org,3,42 Pearson Hill,0
20185772,Thalia,Enterle,tenterle3@taobao.com,5,4495 Arrowood Avenue,1
18643162,Livvy,Becom,lbecom4@craigslist.org,1,52818 Killdeer Alley,1
24029242,Lurlene,Braitling,lbraitling5@topsy.com,3,91077 Fieldstone Plaza,1
20020367,Fernanda,Hugli,fhugli6@zdnet.com,4,60515 Arizona Hill,1
11460590,Janeczka,Fishe,jfishe7@sourceforge.net,2,18925 Village Green Street,0
10462324,Kristy,Alonso,kalonso8@nih.gov,1,111 6th Junction,0
24819186,Elise,Deeble,edeeble9@usda.gov,4,901 Moose Alley,0
16066586,Luce,Perez,lpereza@oaic.gov.au,5,78 Anhalt Alley,1
7751839,Tracy,Eyes,teyesb@issuu.com,5,4348 6th Place,1
21364801,Vanya,Simpkin,vsimpkinc@weebly.com,1,28386 Magdeline Hill,0
14622888,Gnni,Ellams,gellamsd@vimeo.com,2,82300 Goodland Junction,1
29405368,Maude,Stammers,mstammerse@phoca.cz,4,73 Nevada Terrace,1
10548676,Laird,Griffe,lgriffef@desdev.cn,1,62 Gateway Plaza,1
19495020,Anita,Jones,ajonesg@spotify.com,2,28 Maple Wood Circle,1
15502457,Piper,Janeczek,pjaneczekh@wikia.com,5,31 Lawn Center,1
16251721,Erastus,Barlow,ebarlowi@goo.gl,2,7 Crownhardt Hill,1
25345431,Kym,Cowlishaw,kcowlishawj@feedburner.com,1,1250 Summit Way,1
9798887,Nyssa,Cockerill,ncockerillk@behance.net,5,868 Spaight Park,0
24763977,Hermine,Falla,hfallal@comcast.net,2,8152 Mifflin Street,0
15818597,Dona,Gillman,dgillmanm@constantcontact.com,5,377 Kennedy Point,0
28094609,Buckie,Marmion,bmarmionn@kickstarter.com,1,4 Mitchell Way,0
11765377,Germaine,Gever,ggevero@wikipedia.org,5,07108 Kingsford Alley,1
10696678,Rosemaria,Legen,rlegenp@sakura.ne.jp,3,199 Gerald Parkway,1
22069344,Franzen,Liebrecht,fliebrechtq@prlog.org,2,54 Paget Hill,0
21517658,Si,Kepp,skeppr@ebay.co.uk,4,13478 Bowman Street,0
24373855,Kathi,Prydden,kpryddens@booking.com,5,8 Farmco Street,0
28133706,Carole,Harkus,charkust@clickbank.net,4,493 Summerview Plaza,0
21746538,Arda,Humbie,ahumbieu@slate.com,2,293 Melrose Place,0
29345834,Meara,Klaussen,mklaussenv@vk.com,3,0 Delladonna Plaza,1
18783059,Jakob,Baskeyfield,jbaskeyfieldw@mashable.com,2,5 Grayhawk Avenue,1
7967151,Gradey,Dotson,gdotsonx@discuz.net,5,0 Scott Terrace,0
11611251,Chic,Eldredge,celdredgey@webnode.com,2,5109 Marcy Way,1
25906713,Munroe,Freda,mfredaz@columbia.edu,5,0 Hagan Avenue,0
9030409,Allsun,Cescon,acescon10@ox.ac.uk,5,29 Emmet Way,1
26194693,Ramon,Soane,rsoane11@europa.eu,3,0 Karstens Way,1
9932281,Donny,Haverty,dhaverty12@ifeng.com,1,75685 Pepper Wood Street,1
18957283,Kristofor,Lipman,klipman13@istockphoto.com,1,1 Sundown Circle,1
17351967,Madalena,Shallcross,mshallcross14@privacy.gov.au,4,04239 John Wall Street,1
24549171,Siward,Grzegorek,sgrzegorek15@wordpress.com,3,0 Badeau Way,0
10309702,Ursala,Bonds,ubonds16@bloomberg.com,3,6756 Lotheville Hill,0
18551505,Katherina,Langlands,klanglands17@telegraph.co.uk,5,5 Meadow Valley Lane,1
8089633,Perla,Aggiss,paggiss18@exblog.jp,5,02692 Forest Run Center,0
21872748,Diandra,Whitney,dwhitney19@homestead.com,1,8 Fremont Court,1
28954487,Zorina,Kiernan,zkiernan1a@reddit.com,5,97644 Forest Street,1
23160019,Luke,Creswell,lcreswell1b@themeforest.net,3,4 Memorial Pass,1
23754270,Pooh,Langland,plangland1c@bluehost.com,1,1 Mallard Pass,1
8300457,Marcos,Marsland,mmarsland1d@vimeo.com,3,93 Kings Circle,1
20997348,Tommy,Station,tstation1e@wunderground.com,3,5 Prairieview Point,0
10957564,Dorri,Wicklin,dwicklin1f@typepad.com,3,5 Independence Drive,1
24389210,Flinn,Jacox,fjacox1g@sogou.com,5,731 Ryan Avenue,1
8915143,Gus,MacNeice,gmacneice1h@weibo.com,4,0 Blue Bill Park Way,0
26256994,Kassie,Cundict,kcundict1i@state.gov,4,410 Morning Crossing,1
10864412,Edvard,Godthaab,egodthaab1j@jugem.jp,5,3 Linden Parkway,0
22074219,Felicio,Rose,frose1k@sbwire.com,5,399 Hermina Road,1
15019826,Sherlocke,Butler,sbutler1l@oakley.com,5,07553 Tony Center,0
13479780,Blanche,Heale,bheale1m@taobao.com,1,51254 Menomonie Trail,1
28542142,Dun,Pieche,dpieche1n@wikimedia.org,2,27 Brown Crossing,0
9242996,Kristyn,Lovejoy,klovejoy1o@npr.org,3,8473 Longview Terrace,0
15163194,Ashil,McCahill,amccahill1p@opera.com,2,39524 Forest Parkway,0
17709330,Yuma,Canadine,ycanadine1q@xinhuanet.com,3,801 Pankratz Place,0
20390099,Vivyanne,Shimuk,vshimuk1r@senate.gov,3,1 Texas Avenue,1
17242111,Charo,Sutworth,csutworth1s@1688.com,1,8699 Red Cloud Court,1
16268481,Hailee,Maior,hmaior1t@gravatar.com,1,7657 Hooker Center,0
29677353,Cleve,Upstone,cupstone1u@livejournal.com,5,3466 Morrow Pass,0
28319805,Drusi,Rebillard,drebillard1v@cloudflare.com,1,9 Briar Crest Avenue,0
22649557,Debi,Apfler,dapfler1w@google.com,5,786 Truax Point,1
12148595,Windy,Perrygo,wperrygo1x@tripadvisor.com,2,9268 Eagle Crest Plaza,1
17288156,Birgitta,Craister,bcraister1y@blog.com,2,04 Anderson Trail,0
13962752,Yorke,Eagling,yeagling1z@ifeng.com,3,253 Lukken Road,1
21986586,Windy,Cottle,wcottle20@com.com,2,9951 Tennessee Center,0
21072401,Miller,Bytheway,mbytheway21@dailymotion.com,2,146 Hagan Point,0
18648316,Joli,Lokier,jlokier22@xrea.com,2,00 Barnett Drive,0
9874869,Lilith,Form,lform23@photobucket.com,2,437 Schlimgen Hill,1
29192498,Irv,Morpeth,imorpeth24@japanpost.jp,3,13 Forest Run Drive,0
20753578,Emmy,Greenham,egreenham25@economist.com,5,33906 Coleman Plaza,1
24914203,Dusty,Rollinshaw,drollinshaw26@webmd.com,5,18 Grayhawk Point,1
14387364,Noam,Lammerich,nlammerich27@dedecms.com,1,85704 Browning Hill,0
27719368,Charity,Skeldinge,cskeldinge28@webnode.com,2,81 Morrow Crossing,0
22113547,Lancelot,Pringell,lpringell29@usnews.com,5,9 Messerschmidt Pass,1
28910992,Lyon,Yakubowicz,lyakubowicz2a@hibu.com,2,5 Sunnyside Alley,0
27775275,Arvin,Swindell,aswindell2b@vinaora.com,4,939 Fisk Junction,0
25109415,Giustino,Cracker,gcracker2c@t-online.de,5,628 Prairie Rose Place,1
13877177,Rene,Bartali,rbartali2d@house.gov,3,53 Anniversary Junction,1
20590442,Gaylene,Digman,gdigman2e@theglobeandmail.com,4,0 Del Sol Pass,0
19704634,Beryl,Gibbons,bgibbons2f@springer.com,1,2447 International Drive,0
18964276,Mandi,Abbys,mabbys2g@t.co,1,934 Oakridge Court,0
18730051,Pren,Corkitt,pcorkitt2h@skype.com,4,3 Mifflin Junction,1
27671480,Mollie,Conybear,mconybear2i@bbc.co.uk,3,23 Lakeland Drive,1
10414951,Gordie,Scopham,gscopham2j@ted.com,3,86593 Mariners Cove Alley,1
17152486,Koo,Ivetts,kivetts2k@dot.gov,2,5 Summerview Road,0
15702084,Simone,MacEllen,smacellen2l@eepurl.com,2,11 Karstens Lane,1
26912799,Andy,Pagon,apagon2m@ed.gov,5,4 Morning Parkway,0
12481805,Karmen,Nurse,knurse2n@posterous.com,4,94 Cordelia Alley,0
8715186,Garner,Closs,gcloss2o@elegantthemes.com,3,088 Buhler Lane,0
16597355,Starlin,Barstock,sbarstock2p@newyorker.com,5,8 Shoshone Center,1
27440558,Caron,Prowting,cprowting2q@toplist.cz,3,0 Crest Line Hill,1
10132637,Joaquin,Moyers,jmoyers2r@nih.gov,3,99537 Lindbergh Pass,0
15611006,Rand,Hache,rhache2s@npr.org,3,40668 Merrick Center,1
29623198,Alic,Vakhrushev,avakhrushev2t@bing.com,2,3906 Novick Street,0
10923414,Bunni,Lindsell,blindsell2u@theglobeandmail.com,4,3672 Commercial Circle,0
15900918,Ardyce,Joutapavicius,ajoutapavicius2v@google.cn,4,4223 Autumn Leaf Lane,0
27170464,Charissa,Silverthorn,csilverthorn2w@mapquest.com,1,9004 Glacier Hill Center,1
7270109,Estevan,Forder,eforder2x@com.com,4,35 Tomscot Road,1
28520026,Dawn,Troth,dtroth2y@phpbb.com,3,2 Mallard Center,1
28830130,Rosana,Geistmann,rgeistmann2z@arstechnica.com,3,1503 Fuller Avenue,1
27518556,Zak,Heritege,zheritege30@barnesandnoble.com,4,7934 Buena Vista Junction,0
20042739,Elliott,Androck,eandrock31@amazon.com,5,6342 Kim Hill,1
19763555,Mavra,Bordone,mbordone32@hc360.com,2,8 Bluestem Hill,0
20541894,Tine,Von Gladbach,tvongladbach33@tripod.com,1,498 Twin Pines Lane,0
18363790,Ange,Rouge,arouge34@usatoday.com,4,534 Miller Center,0
16402628,Cory,Coton,ccoton35@flavors.me,5,28851 Clarendon Place,1
25574393,Aurelie,Crane,acrane36@ucla.edu,5,10 Delaware Hill,0
15144331,Gayla,Skotcher,gskotcher37@craigslist.org,2,1166 Eggendart Terrace,1
15577716,Torrance,Foulks,tfoulks38@cdbaby.com,1,19571 American Crossing,1
22307062,Urbain,Rippen,urippen39@rakuten.co.jp,3,0 Farwell Pass,1
27890676,Prescott,Howsego,phowsego3a@infoseek.co.jp,4,88050 Homewood Circle,0
29319178,Idelle,Clague,iclague3b@unc.edu,3,26699 Corry Court,0
13222523,Hardy,Ricardou,hricardou3c@cdc.gov,5,85 Menomonie Terrace,0
9303064,Karalynn,Vaughten,kvaughten3d@chicagotribune.com,5,90241 Spaight Hill,1
7377549,Rabbi,Weinham,rweinham3e@sogou.com,3,887 Bultman Court,0
21274518,Fabio,Alenichev,falenichev3f@seesaa.net,1,8865 Pierstorff Circle,0
17020113,Delora,Spray,dspray3g@a8.net,2,66180 Darwin Alley,0
7777833,Joletta,Ferronier,jferronier3h@infoseek.co.jp,2,70 Algoma Place,1
23222653,Ameline,Heningham,aheningham3i@google.co.jp,5,52 Hauk Trail,1
19934010,Marve,Vila,mvila3j@amazonaws.com,2,386 Menomonie Hill,1
17514540,Arlana,McLeoid,amcleoid3k@nationalgeographic.com,3,7270 Butterfield Junction,0
21400960,Haydon,Pollitt,hpollitt3l@cornell.edu,5,95 Artisan Pass,1
21186334,Inigo,Flinn,iflinn3m@gravatar.com,3,20658 Warbler Crossing,1
16360031,Lian,Jaine,ljaine3n@oracle.com,3,42 Elka Terrace,0
25535973,Faythe,Slayford,fslayford3o@ocn.ne.jp,2,46346 Lyons Place,1
11467516,Yoshiko,Oene,yoene3p@sina.com.cn,5,185 Crownhardt Alley,1
21729355,Nolie,Berthod,nberthod3q@tinyurl.com,1,5545 Gina Terrace,1
22892939,West,Heller,wheller3r@blog.com,4,8672 Pankratz Avenue,0
25160504,Michel,Conor,mconor3s@independent.co.uk,4,21314 Troy Street,1
20931493,Casie,Phinn,cphinn3t@dailymotion.com,2,053 Fuller Trail,1
25659821,Beniamino,Searston,bsearston3u@homestead.com,5,2622 Corry Road,1
16261146,Micaela,Feldstein,mfeldstein3v@geocities.jp,5,6 Jenifer Avenue,0
26095128,Sherwood,Rogans,srogans3w@amazon.co.jp,5,3 Hagan Drive,0
15631986,Ethelbert,Doxsey,edoxsey3x@51.la,4,86 Havey Road,1
23387299,Felipe,Wykey,fwykey3y@marriott.com,3,77 Johnson Trail,0
25597714,Alistair,Turmall,aturmall3z@hubpages.com,5,91 Dottie Court,1
23859133,Ginni,Hamblett,ghamblett40@diigo.com,1,7371 Roxbury Court,1
28004324,Claude,Raith,craith41@arizona.edu,5,1 Northfield Place,0
18253370,Shelby,Bigland,sbigland42@nps.gov,5,33344 Spohn Park,0
20981898,Davidde,Ravenhill,dravenhill43@hp.com,1,9698 Carey Alley,1
18146543,Levey,Pymar,lpymar44@archive.org,3,73 7th Avenue,1
28673041,Gan,Orris,gorris45@google.co.uk,1,313 Meadow Ridge Crossing,1
18540844,Waly,Matanin,wmatanin46@hp.com,2,1 Knutson Plaza,0
25165836,Darcy,Elderidge,delderidge47@techcrunch.com,4,23674 Maryland Road,1
21890959,Marney,Robertson,mrobertson48@auda.org.au,2,0204 Raven Avenue,1
11230117,Shamus,Noraway,snoraway49@biglobe.ne.jp,2,70443 Oneill Plaza,0
17230203,Shaylyn,Rawstorne,srawstorne4a@bbc.co.uk,4,44291 Hintze Park,0
18613897,Ardys,Thonason,athonason4b@linkedin.com,4,1 Morrow Terrace,1
15669923,Gabbey,Van Der Walt,gvanderwalt4c@so-net.ne.jp,3,42 Shoshone Plaza,0
16141586,Quintilla,Padley,qpadley4d@reference.com,4,7 Village Crossing,1
27157736,Walton,Showl,wshowl4e@nydailynews.com,3,2 Kingsford Junction,1
21709864,Darrel,Bartke,dbartke4f@google.es,4,8 Hanson Trail,1
24380467,Brook,Mitchard,bmitchard4g@gnu.org,2,03240 Coolidge Lane,1
26752379,Cos,McLafferty,cmclafferty4h@goo.ne.jp,5,8 Elmside Way,0
21429892,Tammy,Warlton,twarlton4i@reference.com,5,91 Delaware Terrace,1
24583443,Fernande,MacGille,fmacgille4j@irs.gov,2,0890 Alpine Alley,1
7215146,Pauly,Cosby,pcosby4k@blinklist.com,5,632 Park Meadow Way,1
19792894,Joshia,Dmych,jdmych4l@tripadvisor.com,3,464 Park Meadow Terrace,0
20670771,Amerigo,Craighall,acraighall4m@nymag.com,1,90357 Katie Court,0
29434727,Ogden,Scramage,oscramage4n@adobe.com,4,2158 Jenifer Court,1
12315978,Korrie,Rheaume,krheaume4o@buzzfeed.com,1,59 Fallview Court,1
29842088,Bertrand,Wrightem,bwrightem4p@msu.edu,2,828 Knutson Avenue,1
25807440,Kimberly,Ofield,kofield4q@europa.eu,3,591 Redwing Hill,1
16947390,Vinnie,Lozano,vlozano4r@uol.com.br,5,070 American Ash Street,0
18587009,Edan,Sudran,esudran4s@msn.com,1,52 Warner Hill,0
16640608,Burton,Lemm,blemm4t@yahoo.com,1,5050 Scoville Crossing,0
25834401,Filberte,Clabburn,fclabburn4u@home.pl,1,566 Kipling Road,1
27038336,Joshuah,Spain-Gower,jspaingower4v@biblegateway.com,1,5 Grover Junction,1
12578095,Niki,Bricket,nbricket4w@marriott.com,2,1649 Chinook Crossing,0
11898569,Tull,Towler,ttowler4x@cpanel.net,5,67 Carioca Lane,0
21828842,Harlie,Dalgardno,hdalgardno4y@dot.gov,2,7361 Golf View Hill,1
29265229,Fannie,Cotty,fcotty4z@wiley.com,4,8275 Wayridge Street,0
26129855,Simone,Mighele,smighele50@ow.ly,3,2982 Havey Road,0
8478273,Ricca,Mullard,rmullard51@51.la,1,6 Claremont Alley,1
16739425,Pete,Pandya,ppandya52@ocn.ne.jp,4,6 Vernon Terrace,1
11969026,Artemis,Barthod,abarthod53@ftc.gov,3,7893 Scott Parkway,0
25533443,Celene,Lanham,clanham54@usda.gov,3,077 Waywood Terrace,1
26418860,Charline,Maddern,cmaddern55@phpbb.com,4,1472 Homewood Road,1
9936825,Tiler,Netley,tnetley56@biglobe.ne.jp,3,236 Bayside Road,0
10707886,Stormy,Skedgell,sskedgell57@123-reg.co.uk,2,5575 Lotheville Point,0
8142627,Carita,Braunle,cbraunle58@time.com,4,71 Coolidge Drive,1
25820524,Anderson,Lockhurst,alockhurst59@foxnews.com,3,7 Main Center,0
19514364,Eliza,Gutch,egutch5a@techcrunch.com,1,7 Caliangt Lane,1
21307277,Meredith,Brolan,mbrolan5b@skype.com,2,902 Grasskamp Circle,1
9566530,Cinnamon,Greensall,cgreensall5c@gravatar.com,4,479 Randy Pass,0
27426871,Krystyna,Yielding,kyielding5d@nih.gov,2,450 2nd Trail,1
25182429,Araldo,McCathy,amccathy5e@usatoday.com,5,3719 Emmet Pass,1
20708209,Ethelyn,Dongate,edongate5f@tamu.edu,3,63030 Fordem Crossing,0
27489272,Cleon,Whitbread,cwhitbread5g@smh.com.au,3,4042 American Ash Junction,1
23803702,Orlando,Liddicoat,oliddicoat5h@a8.net,2,62170 Texas Pass,1
18543101,Christy,Pallas,cpallas5i@hud.gov,4,28834 Prentice Alley,0
14662502,Norri,Dormon,ndormon5j@dell.com,4,3 Bunker Hill Center,0
13042504,Constantino,Hayter,chayter5k@furl.net,5,43 Buhler Plaza,1
18434627,Edita,Emmott,eemmott5l@walmart.com,2,3 La Follette Road,0
7083309,Dalia,Curling,dcurling5m@wsj.com,2,1 Ronald Regan Pass,1
16287589,Hubey,Salzberger,hsalzberger5n@elpais.com,3,82075 Jenifer Hill,1
11182558,Bruno,Beche,bbeche5o@eepurl.com,5,31584 Mifflin Center,1
22045086,Quinta,Simmonite,qsimmonite5p@imageshack.us,5,569 Pearson Circle,0
7989813,Dorene,Athridge,dathridge5q@bravesites.com,5,4881 Golf Course Junction,0
29358088,Caz,Fraczak,cfraczak5r@ox.ac.uk,1,4 Bunker Hill Way,0
19351857,Emmi,McQuorkel,emcquorkel5s@phpbb.com,3,0926 Norway Maple Avenue,0
21473320,Moshe,Sewley,msewley5t@mtv.com,3,55 Jenna Trail,0
16397714,Licha,Caplin,lcaplin5u@microsoft.com,4,4287 Victoria Alley,0
23902521,Daniele,Gregory,dgregory5v@yandex.ru,3,58244 Merrick Street,0
23983792,Eadmund,Lundon,elundon5w@cocolog-nifty.com,2,1989 Melody Plaza,0
13270557,Didi,Rossiter,drossiter5x@wordpress.org,5,82 Esker Crossing,1
8829449,Asia,Easbie,aeasbie5y@paypal.com,2,94721 Dixon Trail,1
25121099,Faythe,Iiannone,fiiannone5z@wsj.com,1,5 Magdeline Trail,1
10055382,Deloris,Godsil,dgodsil60@home.pl,1,69438 Crowley Park,1
7722398,Rayshell,Bilyard,rbilyard61@lycos.com,2,075 Orin Trail,0
7429863,Tuesday,Lygo,tlygo62@nytimes.com,1,315 Rigney Drive,0
11147950,Clare,Geater,cgeater63@com.com,3,020 Eagle Crest Avenue,1
19889718,Myrah,Rosencwaig,mrosencwaig64@fotki.com,1,1 Veith Park,1
27880890,Frans,Oppie,foppie65@youku.com,5,7292 Riverside Street,0
27652622,Gayler,Bleier,gbleier66@businessinsider.com,2,316 Summer Ridge Crossing,1
15453139,Oates,Cufflin,ocufflin67@census.gov,3,40 Heffernan Avenue,1
26993487,Chaddie,Jorn,cjorn68@baidu.com,4,3899 Monica Trail,1
19451569,Jimmie,Mendenhall,jmendenhall69@state.tx.us,4,4500 Dryden Street,0
19873331,Nan,Cherry,ncherry6a@wiley.com,1,71085 Rigney Street,0
20971720,Eddie,Jankowski,ejankowski6b@symantec.com,5,5 Corben Lane,1
8021800,Leeann,Gear,lgear6c@wikimedia.org,3,065 Anniversary Road,1
18992366,Marquita,MacDavitt,mmacdavitt6d@scientificamerican.com,2,790 New Castle Pass,0
14266292,Vincents,Farrall,vfarrall6e@dion.ne.jp,3,275 Roth Junction,1
15980939,Charla,Scurman,cscurman6f@blogspot.com,2,89 Ilene Crossing,0
10518042,Lilah,Rosenblum,lrosenblum6g@cyberchimps.com,1,4074 Lukken Center,0
7793987,Lucila,Kewzick,lkewzick6h@paypal.com,1,211 7th Junction,1
10084271,Gunilla,Strongman,gstrongman6i@state.gov,5,3963 Harper Plaza,1
18797693,Beverly,Meriet,bmeriet6j@samsung.com,2,3730 Leroy Pass,0
27272925,Janetta,Pashenkov,jpashenkov6k@nyu.edu,2,3628 Bluejay Avenue,1
7232496,Halie,Rustman,hrustman6l@cafepress.com,4,23 Thackeray Lane,0
9371123,Herbert,Hardi,hhardi6m@artisteer.com,2,9 Old Shore Place,0
8813587,Jenelle,Koopman,jkoopman6n@who.int,2,24 Mendota Point,0
9230808,Camella,Mochan,cmochan6o@google.pl,5,60831 Crescent Oaks Court,0
19542351,Debby,Letterick,dletterick6p@taobao.com,3,39647 Forest Dale Plaza,0
12528648,Dix,Chattell,dchattell6q@indiegogo.com,4,10232 Mayer Avenue,0
23638758,Abigale,Bellord,abellord6r@zdnet.com,4,142 Merry Street,0
27031664,Lindsey,Teissier,lteissier6s@so-net.ne.jp,2,70 Becker Street,1
11283903,Amalie,Lernihan,alernihan6t@umn.edu,4,397 Summerview Street,0
15441380,Amata,Tunsley,atunsley6u@cnet.com,1,719 Kinsman Pass,1
20340448,Shellysheldon,Aymeric,saymeric6v@amazon.de,5,50 Fulton Lane,0
21086138,Smitty,Seiffert,sseiffert6w@phpbb.com,1,87 Northport Way,1
22850822,Alasteir,Slorance,aslorance6x@discovery.com,1,890 Mayer Drive,0
18854177,Orv,Missington,omissington6y@uol.com.br,3,04 Autumn Leaf Court,1
22678246,Sergei,Izhakov,sizhakov6z@123-reg.co.uk,4,9 Anderson Plaza,0
15548123,Keeley,Jakes,kjakes70@yellowbook.com,4,59557 Rieder Way,0
27084796,Marita,Plaskitt,mplaskitt71@webs.com,2,87 Service Avenue,1
24549296,Nataniel,Frift,nfrift72@theatlantic.com,3,70 Pearson Plaza,0
16069838,Georgiana,Race,grace73@123-reg.co.uk,1,0252 Mosinee Alley,0
22590388,Piper,Phare,pphare74@opensource.org,3,00 Forest Park,1
29248039,Svend,Lathleiffure,slathleiffure75@cam.ac.uk,1,65706 Evergreen Center,1
29834088,Calla,Pedrollo,cpedrollo76@issuu.com,2,14256 Lighthouse Bay Court,0
28137253,Flossi,Marran,fmarran77@phpbb.com,5,893 Columbus Road,1
16957314,Nickolai,Stones,nstones78@google.ca,3,2800 Monica Pass,0
13106196,Catherina,Peattie,cpeattie79@google.com.hk,4,217 John Wall Road,1
13785784,Geralda,Doll,gdoll7a@fastcompany.com,5,72 Blue Bill Park Plaza,0
11751667,Jayme,Ianitti,jianitti7b@walmart.com,1,00 Golden Leaf Hill,1
26487771,Cristi,Fitchell,cfitchell7c@tinypic.com,1,3391 Division Park,1
16146785,Duky,Aburrow,daburrow7d@statcounter.com,4,03 Fordem Street,1
14076477,Enriqueta,Killelay,ekillelay7e@surveymonkey.com,2,12272 Prairie Rose Avenue,1
20870707,Tana,Borrie,tborrie7f@yellowbook.com,1,84 Buell Alley,1
29949816,Emyle,Cristofvao,ecristofvao7g@github.io,4,491 Rowland Terrace,0
16072168,Lindsay,Copper,lcopper7h@nifty.com,3,4766 Eastwood Park,0
9007065,Jena,Symcoxe,jsymcoxe7i@e-recht24.de,5,29760 Drewry Way,0
14444281,Stefania,Dowey,sdowey7j@histats.com,3,8 Delaware Place,0
20181707,Ezmeralda,Lavery,elavery7k@smh.com.au,1,781 Butterfield Trail,1
29726084,Andie,Moreland,amoreland7l@time.com,1,467 Brown Park,0
25256898,Carlos,Barti,cbarti7m@ebay.co.uk,3,69030 Nelson Center,1
24646613,Rani,Accombe,raccombe7n@loc.gov,4,4663 Loftsgordon Circle,0
20346843,Deck,Buddock,dbuddock7o@omniture.com,3,7 Spohn Road,1
21625626,Sky,Danzig,sdanzig7p@engadget.com,1,7 Anderson Point,0
14032484,Teddy,Farress,tfarress7q@wsj.com,1,7306 Express Drive,0
7530288,Samuele,Craghead,scraghead7r@artisteer.com,2,0273 Charing Cross Trail,1
17647732,York,Ruter,yruter7s@ftc.gov,4,615 Arkansas Crossing,0
9414116,Rowland,Laight,rlaight7t@a8.net,4,6446 Golden Leaf Place,0
10510603,Joye,Malloy,jmalloy7u@businesswire.com,1,1 John Wall Hill,1
14344696,Belinda,Campes,bcampes7v@cafepress.com,1,69 Fairview Alley,1
29388293,Ogdon,Penk,openk7w@chronoengine.com,2,79086 Lake View Road,0
18413851,Cesaro,Habron,chabron7x@marketwatch.com,5,3752 American Ash Way,0
12132360,Lorette,Boland,lboland7y@reddit.com,2,543 Monica Plaza,1
11895545,Cherey,Purcer,cpurcer7z@google.fr,1,8 Parkside Way,0
20194766,Dyna,Nattriss,dnattriss80@google.pl,4,7 Dwight Terrace,1
16256309,Oates,Cardow,ocardow81@weibo.com,4,2665 Iowa Place,0
28154427,Laurel,Ransley,lransley82@prnewswire.com,4,39279 Lerdahl Place,0
21173915,Kora,Bengough,kbengough83@discuz.net,2,082 Karstens Drive,0
19846071,Jeane,Elcoux,jelcoux84@noaa.gov,5,7 Sunnyside Junction,0
9220973,Evie,Rzehor,erzehor85@sphinn.com,3,4 Hollow Ridge Alley,1
20236177,Northrop,Corpes,ncorpes86@yahoo.co.jp,3,03602 Steensland Hill,1
19973852,Dannel,Behnecken,dbehnecken87@tumblr.com,1,9 Packers Center,1
13131906,Emelina,Millea,emillea88@npr.org,3,00679 Talisman Road,0
29348406,Rosemonde,Dempster,rdempster89@telegraph.co.uk,1,49 Carberry Crossing,0
19615582,Antonin,Darling,adarling8a@123-reg.co.uk,5,1474 Nobel Lane,1
9820157,Robert,Scoggan,rscoggan8b@cmu.edu,5,854 Crescent Oaks Plaza,0
9702381,Turner,Letherbury,tletherbury8c@biblegateway.com,5,23 Jana Center,0
9083591,Rahel,Kenningham,rkenningham8d@cargocollective.com,3,34906 6th Road,0
23989877,Eduino,Umfrey,eumfrey8e@cargocollective.com,2,23 Eagle Crest Parkway,0
10142932,Cinderella,Barhims,cbarhims8f@amazonaws.com,2,08 Montana Way,0
10795542,Etheline,Albiston,ealbiston8g@uiuc.edu,4,3532 Oneill Plaza,0
16152223,Dulcia,Tomasik,dtomasik8h@bravesites.com,3,70 Lukken Terrace,1
17301997,Lennard,Banbrigge,lbanbrigge8i@rambler.ru,5,65 Crescent Oaks Alley,1
19854460,Sebastian,Norris,snorris8j@jiathis.com,3,45 Little Fleur Avenue,0
19228560,Ashbey,MacGauhy,amacgauhy8k@ca.gov,1,02 Dovetail Junction,0
18140306,Kayla,Blaisdell,kblaisdell8l@wunderground.com,1,726 Dunning Street,1
28446509,Elsy,Duinbleton,eduinbleton8m@biblegateway.com,4,4944 Colorado Avenue,1
11298330,Jeno,Livard,jlivard8n@patch.com,3,79694 Grim Alley,0
18800876,Trefor,Barthod,tbarthod8o@biglobe.ne.jp,4,8970 Mallory Junction,0
13567079,Fidelia,Spawton,fspawton8p@cyberchimps.com,5,214 Acker Place,0
25714771,Lotte,MacGiany,lmacgiany8q@irs.gov,3,00858 Killdeer Avenue,1
26589728,Ozzy,Pepys,opepys8r@phpbb.com,5,871 Donald Street,0
24566547,Dare,Heber,dheber8s@plala.or.jp,4,2 Raven Circle,1
14455513,Meredithe,Francomb,mfrancomb8t@hexun.com,4,27791 Corry Way,1
8956021,Lynde,Balma,lbalma8u@booking.com,2,224 Cordelia Point,0
14192666,Alexi,Cayser,acayser8v@plala.or.jp,1,7323 Scott Junction,1
14124519,Dolph,Megson,dmegson8w@va.gov,5,9252 Schiller Junction,0
25945901,Arlena,Palphramand,apalphramand8x@biblegateway.com,4,0320 Esker Lane,0
21260298,Judas,Abbott,jabbott8y@usgs.gov,1,5 Bay Hill,0
24835466,Erwin,Audritt,eaudritt8z@topsy.com,2,47026 Bobwhite Way,0
28041942,Murdock,Kleinmann,mkleinmann90@yellowpages.com,4,5353 Sullivan Street,0
28433990,Lilly,Stuke,lstuke91@networkadvertising.org,3,27596 Sherman Way,1
21878716,Rusty,Lecordier,rlecordier92@toplist.cz,3,036 Lakewood Gardens Drive,1
27231742,Rouvin,Backs,rbacks93@smh.com.au,4,332 Cottonwood Point,1
25133092,Maynard,Wailes,mwailes94@plala.or.jp,4,1 Lakeland Park,1
15037782,Suki,Holdforth,sholdforth95@usa.gov,5,5084 Wayridge Road,0
27437211,Sigismund,Worsam,sworsam96@aol.com,1,3987 Lien Pass,1
10989399,Hope,Edson,hedson97@gravatar.com,5,75313 Redwing Plaza,1
29819977,Kay,Abercromby,kabercromby98@squarespace.com,3,08620 Cordelia Pass,0
22614603,Chlo,Harbidge,charbidge99@topsy.com,4,63 Caliangt Drive,0
27815425,Judon,Conman,jconman9a@rakuten.co.jp,3,95 Fisk Parkway,0
11081734,Siward,Tough,stough9b@bbb.org,4,2554 Burrows Junction,0
28518934,Jacquelynn,Cohr,jcohr9c@yellowbook.com,1,093 Vera Way,0
18373904,Ashby,Greenstead,agreenstead9d@bigcartel.com,3,464 Prairieview Terrace,1
19131411,Dorothea,Stallard,dstallard9e@nationalgeographic.com,5,7 Commercial Hill,1
19822919,Saloma,Pardie,spardie9f@miitbeian.gov.cn,1,4 Mayer Junction,1
16797329,Mariya,Lorenzetto,mlorenzetto9g@ucoz.ru,5,8 Hallows Point,1
20985323,Mikael,Boaler,mboaler9h@stumbleupon.com,3,31 Annamark Plaza,1
12615724,Dione,Halcro,dhalcro9i@toplist.cz,5,8 Dryden Crossing,0
19515722,Dorotea,Duggon,dduggon9j@example.com,2,42 Everett Crossing,1
8776975,Hinze,Garmey,hgarmey9k@woothemes.com,4,4 Burning Wood Way,0
27594959,Calv,Ridgedell,cridgedell9l@wordpress.com,5,9 Michigan Pass,0
13670471,Haskel,Bridgwater,hbridgwater9m@stanford.edu,3,5 Larry Terrace,0
14562166,Eyde,Pinkstone,epinkstone9n@soundcloud.com,2,0567 Pierstorff Lane,1
9657739,Ferdinande,Gaffon,fgaffon9o@g.co,5,67 Katie Avenue,0
21203105,Jilli,Dumphries,jdumphries9p@mit.edu,2,849 Carpenter Circle,0
18607063,Ginger,Howden,ghowden9q@yahoo.co.jp,5,208 Towne Alley,0
12722129,Kyle,Corstorphine,kcorstorphine9r@slideshare.net,1,36066 Myrtle Terrace,1
28167318,Suzie,Wilkennson,swilkennson9s@alibaba.com,2,9450 Superior Street,1
20973232,Emalia,Wooder,ewooder9t@tuttocitta.it,4,633 Burning Wood Junction,0
12993276,Kristen,Eastabrook,keastabrook9u@reverbnation.com,3,55813 Doe Crossing Parkway,1
29769959,Isak,Coltart,icoltart9v@w3.org,4,96 Arizona Junction,0
19029313,Konrad,Marguerite,kmarguerite9w@chron.com,1,35 Veith Court,0
12021203,Kimberley,Shayler,kshayler9x@paypal.com,4,05 Goodland Center,0
25622369,Reta,Colt,rcolt9y@goodreads.com,2,6180 Kropf Court,0
10207464,Kate,Samarth,ksamarth9z@wikimedia.org,4,7 Anniversary Terrace,0
10040237,Niles,Simukov,nsimukova0@woothemes.com,4,66 Northfield Center,1
17818067,Vasily,Effemy,veffemya1@aol.com,3,13 Mallard Drive,0
11217009,Hally,Hentze,hhentzea2@usnews.com,1,24 Quincy Parkway,0
13318068,Tarah,Le Galle,tlegallea3@netvibes.com,5,085 Service Avenue,0
15151886,Gabie,Briiginshaw,gbriiginshawa4@forbes.com,3,27967 Sundown Way,1
9867505,Ardelle,Pinney,apinneya5@msu.edu,1,97385 Walton Point,1
10474776,Babette,Raatz,braatza6@google.fr,3,45 Debra Crossing,1
17242367,Camella,Stoffler,cstofflera7@huffingtonpost.com,4,2889 Homewood Court,0
23596632,Eddie,Wordley,ewordleya8@slate.com,1,791 Warbler Trail,0
9576378,Reeva,Reame,rreamea9@harvard.edu,5,9 Swallow Road,0
18216103,Ax,Pollitt,apollittaa@istockphoto.com,1,4171 Colorado Center,0
14983759,Theodore,Muncie,tmuncieab@a8.net,2,92865 Eliot Drive,0
29465482,Laure,Rodrigo,lrodrigoac@adobe.com,3,37913 Eagan Terrace,0
10719775,Erek,Flatt,eflattad@google.ru,4,098 Mandrake Pass,1
21744778,Cameron,Dedenham,cdedenhamae@admin.ch,1,53 Clyde Gallagher Place,0
12947299,Phineas,Premble,pprembleaf@who.int,4,39 Larry Circle,0
25310912,Hebert,Coverdale,hcoverdaleag@state.tx.us,1,50325 Schiller Avenue,0
29543881,Tomi,Wycliff,twycliffah@biglobe.ne.jp,3,2480 Pawling Lane,1
11956586,Ricca,Lathleiffure,rlathleiffureai@1688.com,1,885 Hayes Trail,1
13166269,Janessa,Surmon,jsurmonaj@infoseek.co.jp,3,573 Ludington Circle,0
27972844,Nada,Gladding,ngladdingak@cam.ac.uk,4,28 Quincy Point,1
18425831,Bryce,Scripps,bscrippsal@columbia.edu,5,227 Milwaukee Hill,0
13675354,Dulce,O'Geaney,dogeaneyam@goo.gl,5,1 Lawn Plaza,0
25435792,Dorian,Glenny,dglennyan@alibaba.com,4,87818 Hovde Plaza,0
24567526,Jobey,Bakhrushkin,jbakhrushkinao@parallels.com,3,97582 2nd Junction,1
12997782,Levon,Maly,lmalyap@nsw.gov.au,1,18372 Paget Point,0
27735693,Leticia,Clowney,lclowneyaq@hao123.com,5,884 Canary Court,1
21161771,Osbert,Adaway,oadawayar@w3.org,5,1055 Warbler Plaza,0
17436176,Diahann,Korneluk,dkornelukas@myspace.com,4,911 Reindahl Junction,0
15169795,Matthiew,Blencowe,mblencoweat@telegraph.co.uk,2,239 Browning Parkway,1
27328155,Helen-elizabeth,Lanegran,hlanegranau@irs.gov,4,0 Hintze Circle,1
18923411,Haywood,Wisden,hwisdenav@ucsd.edu,1,9742 Nobel Junction,1
7910642,Nessy,Allmann,nallmannaw@icio.us,1,0 Becker Trail,1
23351440,Priscella,Kilbane,pkilbaneax@merriam-webster.com,3,93 Hayes Terrace,1
24031638,Eddy,Waberer,ewabereray@pen.io,3,33158 Sherman Crossing,0
12029536,Rosina,Santello,rsantelloaz@cafepress.com,4,852 Comanche Point,1
27418493,Artair,Sadgrove,asadgroveb0@who.int,3,082 Lien Drive,1
20475864,Shana,Twelvetrees,stwelvetreesb1@imageshack.us,3,13133 Coolidge Terrace,1
23768649,Ardenia,Jacobsohn,ajacobsohnb2@baidu.com,4,7 Oriole Avenue,1
26235619,Ransell,Erington,reringtonb3@blog.com,1,517 Eastlawn Center,1
15728779,Bruno,Filov,bfilovb4@thetimes.co.uk,4,8790 Talisman Avenue,0
22223418,Ginni,Meacher,gmeacherb5@technorati.com,3,2 Coleman Crossing,0
23962693,Araldo,Waldocke,awaldockeb6@spiegel.de,3,098 Boyd Circle,1
22759781,Win,Berryann,wberryannb7@pbs.org,3,821 Katie Avenue,1
14523454,Pen,Corhard,pcorhardb8@gizmodo.com,3,24 Kings Way,0
9044909,Annadiane,Duchenne,aduchenneb9@java.com,1,37 Nelson Parkway,0
25829769,Christiano,Marner,cmarnerba@phoca.cz,3,9 Upham Park,1
29053197,Jacki,Ledwich,jledwichbb@so-net.ne.jp,4,8 Birchwood Plaza,0
7838294,Dulsea,Brind,dbrindbc@dedecms.com,3,6669 Maywood Alley,0
15235596,Klaus,Weinmann,kweinmannbd@fastcompany.com,5,290 Ramsey Alley,1
22414530,Ashby,Careswell,acareswellbe@ifeng.com,1,649 Armistice Center,0
11529457,Mavis,Rhule,mrhulebf@google.com.br,5,60 Paget Road,1
26605789,Kacie,Paten,kpatenbg@wikimedia.org,5,707 Main Road,0
11217110,Walden,Georgelin,wgeorgelinbh@addtoany.com,5,5352 Eggendart Avenue,1
25931094,Florry,Lemon,flemonbi@ox.ac.uk,5,9269 Killdeer Crossing,0
20629389,Corabella,Steane,csteanebj@plala.or.jp,2,44101 Merchant Parkway,1
7616088,Zelda,Sprankling,zspranklingbk@cnn.com,1,21 Autumn Leaf Lane,1
23739017,Ruben,Ubsdall,rubsdallbl@lycos.com,2,1 Roxbury Parkway,0
26526033,Rania,Bigg,rbiggbm@upenn.edu,3,34 Green Ridge Road,1
13116269,Constantina,Henkens,chenkensbn@meetup.com,5,3 Sheridan Hill,1
27580807,Pavla,Trickey,ptrickeybo@samsung.com,3,0 Hovde Pass,1
19910995,Kristi,Yakovich,kyakovichbp@irs.gov,3,651 Red Cloud Park,1
8958137,Dorise,Duckfield,dduckfieldbq@archive.org,2,5237 Rigney Pass,0
20022339,Osmond,Blenkensop,oblenkensopbr@discovery.com,3,9 Dayton Way,1
23610734,Marika,Jodrellec,mjodrellecbs@phoca.cz,2,58431 Stone Corner Avenue,0
17002869,Lolita,Flaune,lflaunebt@dyndns.org,4,2989 Orin Crossing,1
11820113,Davida,Dominique,ddominiquebu@npr.org,1,31 Schurz Avenue,0
10974557,Linus,Docharty,ldochartybv@psu.edu,3,1 Bashford Crossing,1
10287408,Virgil,Atchly,vatchlybw@about.me,1,23 Schurz Street,1
21761127,Josefa,Beccero,jbeccerobx@bloglovin.com,4,0 Declaration Avenue,0
27533976,Moyna,Scurrey,mscurreyby@furl.net,2,8451 Ruskin Lane,1
20256445,Corly,Surmeir,csurmeirbz@istockphoto.com,5,4 Hudson Point,0
28580895,Peirce,Verney,pverneyc0@canalblog.com,5,682 Scofield Plaza,1
29868006,Frankie,Gerholz,fgerholzc1@dailymotion.com,2,339 Talisman Hill,0
7462951,Kassia,Peer,kpeerc2@linkedin.com,3,6779 Bunting Street,1
15890872,Bertram,Hutt,bhuttc3@nasa.gov,3,84031 Mayfield Terrace,1
18296370,Ingrid,Agates,iagatesc4@twitpic.com,1,4336 Sachs Junction,0
25983569,Lissa,Duns,ldunsc5@seesaa.net,1,127 Waxwing Terrace,1
11254561,Vale,Tatam,vtatamc6@weather.com,4,38 Kipling Trail,1
18093157,Max,O'Currine,mocurrinec7@sakura.ne.jp,2,2084 Morningstar Terrace,1
18728595,Ofella,Orlton,oorltonc8@upenn.edu,2,8 Welch Point,1
26487989,Elicia,Dymoke,edymokec9@jigsy.com,4,2 Knutson Avenue,0
18800664,Gayel,Minero,gmineroca@jugem.jp,5,21915 Manitowish Center,1
24036412,Delmore,Wolfers,dwolferscb@baidu.com,1,58 Thierer Circle,1
8472860,Alica,Thomke,athomkecc@geocities.jp,3,7798 Mariners Cove Hill,0
24244799,Lorrayne,Sidebotton,lsidebottoncd@samsung.com,4,83764 Mcguire Drive,1
12458613,Barbabas,Gildea,bgildeace@wordpress.com,5,169 Delladonna Plaza,1
14698184,Evita,Clear,eclearcf@bravesites.com,4,34982 Warbler Point,0
10315705,Phelia,Dutnall,pdutnallcg@wordpress.com,1,26 Bellgrove Drive,0
21151485,Leanna,Honywill,lhonywillch@w3.org,4,21 Westend Plaza,0
29414353,Adamo,Suthworth,asuthworthci@barnesandnoble.com,5,3957 Emmet Court,0
20731697,Elfrida,Bartleman,ebartlemancj@dell.com,1,0371 Spohn Center,1
9604994,Sharron,Macci,smaccick@vimeo.com,2,334 Bultman Junction,1
28306651,Gaye,Capozzi,gcapozzicl@mlb.com,1,25184 Fuller Court,1
24707602,Liz,Velez,lvelezcm@google.ru,1,35 Cody Junction,1
16493498,Alexia,Chippindall,achippindallcn@vistaprint.com,3,42 Magdeline Way,0
23015300,Lindsey,Twigg,ltwiggco@dyndns.org,1,8663 Vernon Place,0
16350446,Ly,Gremane,lgremanecp@latimes.com,1,9 Declaration Lane,0
9658414,Morgan,Smogur,msmogurcq@ning.com,3,1549 Truax Crossing,0
16947889,Van,Feander,vfeandercr@over-blog.com,2,13281 Mockingbird Trail,0
9942936,Nicky,Ridwood,nridwoodcs@abc.net.au,2,93 Shelley Junction,0
7851182,Sofie,Stentiford,sstentifordct@kickstarter.com,3,6 Ilene Circle,1
26223065,Cirstoforo,Louiset,clouisetcu@china.com.cn,3,89257 Michigan Terrace,0
20826227,Lorrie,Joysey,ljoyseycv@prweb.com,3,96 Crescent Oaks Alley,0
11872500,Roxanne,Crump,rcrumpcw@symantec.com,4,72923 Valley Edge Pass,0
17617905,Sibley,Arnot,sarnotcx@jalbum.net,5,026 Lakewood Gardens Lane,1
9293976,Glyn,Clinnick,gclinnickcy@alibaba.com,1,4 Division Parkway,0
10789836,Elonore,Aymeric,eaymericcz@posterous.com,1,51 Mccormick Way,1
11249893,Conant,Strafford,cstraffordd0@dell.com,2,22 Oak Point,1
20274095,Marven,Hamlet,mhamletd1@wix.com,3,521 Atwood Court,1
22498531,Gianina,Hagan,ghagand2@mozilla.org,2,9 Londonderry Junction,1
15790257,Menard,Clapston,mclapstond3@instagram.com,5,472 Elgar Drive,0
8115284,Isa,Bloomfield,ibloomfieldd4@gnu.org,2,02 North Trail,0
28917922,Bunny,Ludman,bludmand5@dell.com,5,06032 Kropf Center,0
17918219,Waiter,McCotter,wmccotterd6@etsy.com,5,238 Barnett Junction,1
16220909,Lorie,Sanpher,lsanpherd7@mapy.cz,4,54 Shopko Center,0
25466892,Odilia,McKerley,omckerleyd8@ebay.com,2,01039 Eastwood Way,0
9693049,Phylis,Grinikhin,pgrinikhind9@netlog.com,2,840 Merchant Trail,1
25093571,Reese,Purdey,rpurdeyda@yahoo.com,4,04819 Mosinee Street,0
22900314,Charmion,Smitherham,csmitherhamdb@livejournal.com,1,658 Shoshone Place,0
8306842,Raymond,Rabat,rrabatdc@nsw.gov.au,2,77322 Fremont Court,1
17211971,Rora,Nystrom,rnystromdd@washingtonpost.com,3,7 Hansons Lane,0
22484467,Daven,Yakushkin,dyakushkinde@angelfire.com,3,151 Namekagon Pass,0
11333864,Arlene,Hallybone,ahallybonedf@de.vu,5,2 Melby Way,0
23936282,Binnie,Castrillo,bcastrillodg@ucla.edu,4,67 Miller Avenue,1
29639677,Anabel,Krol,akroldh@engadget.com,4,26008 Stone Corner Street,1
23464017,Norrie,Rawes,nrawesdi@edublogs.org,3,6885 Dunning Pass,0
13013443,Ethelred,Van den Velden,evandenveldendj@va.gov,1,964 Badeau Center,1
26869234,Sallyanne,L' Anglois,slangloisdk@wikipedia.org,2,775 Ilene Point,0
9840537,Rosalyn,Hinzer,rhinzerdl@deliciousdays.com,3,01075 Sommers Terrace,0
9402503,Guy,Yoselevitch,gyoselevitchdm@sphinn.com,4,935 Ryan Terrace,0
9628932,Valli,Beardshall,vbeardshalldn@moonfruit.com,5,8296 Waubesa Drive,0
29953241,Lauralee,Bowstead,lbowsteaddo@globo.com,5,1224 Sachs Trail,1
19123978,Byrann,McGiffin,bmcgiffindp@prweb.com,2,366 Corry Circle,0
20604264,Fionna,Windaybank,fwindaybankdq@wiley.com,3,986 Schlimgen Trail,1
9410011,Alameda,Lamberti,alambertidr@youku.com,4,23 Continental Junction,0
13870162,Hilliard,Froom,hfroomds@blog.com,3,62 Bobwhite Lane,0
29918219,Tommie,Thewys,tthewysdt@fastcompany.com,1,8592 David Way,1
23362579,Codi,Canet,ccanetdu@amazon.de,5,2 Crescent Oaks Drive,0
14158214,Cullie,Medgewick,cmedgewickdv@prweb.com,5,5832 Hovde Court,0
14405070,Laurena,Itscowicz,litscowiczdw@harvard.edu,1,19896 Kedzie Place,0
12322226,Boot,Tarzey,btarzeydx@sohu.com,5,0 Anniversary Avenue,0
18841938,Bettye,Markova,bmarkovady@dell.com,1,252 Eastwood Crossing,1
13564325,Gary,Harsant,gharsantdz@yahoo.co.jp,2,329 Ridge Oak Junction,0
8413448,Erl,Ingham,einghame0@shinystat.com,3,20503 Glendale Road,1
17759269,Davis,Caunt,dcaunte1@msn.com,5,19672 Memorial Center,1
16750786,Miles,Cockitt,mcockitte2@home.pl,3,9 Dunning Point,0
13960941,Clayborn,Ninnotti,cninnottie3@reddit.com,1,41886 Red Cloud Drive,1
10486315,Adoree,Perritt,aperritte4@t-online.de,5,564 Novick Way,0
10112310,Lindie,Gwilliam,lgwilliame5@behance.net,3,6 Waubesa Lane,0
20473070,Emelda,Brownbridge,ebrownbridgee6@cisco.com,5,8397 Hintze Alley,1
24333916,Farand,Videneev,fvideneeve7@netvibes.com,3,030 Northfield Avenue,0
28538718,Claudell,Powe,cpowee8@gnu.org,5,350 Havey Circle,1
19722083,Charissa,Kleint,ckleinte9@vk.com,2,397 Fairfield Way,1
23826102,Oswald,Conew,oconewea@cam.ac.uk,4,340 Spaight Street,1
27031903,Gaylene,Klyner,gklynereb@yahoo.com,3,5145 Bonner Lane,0
24190184,Ashien,Keays,akeaysec@dailymail.co.uk,4,1184 Bluejay Hill,1
23156258,Aili,Handmore,ahandmoreed@last.fm,5,6821 Graceland Parkway,0
14299252,Kylynn,Leipoldt,kleipoldtee@dagondesign.com,5,9039 Main Way,0
17073952,Elisa,Broxton,ebroxtonef@redcross.org,4,54 Hazelcrest Road,1
29310420,Fonz,Templman,ftemplmaneg@nature.com,1,35344 Grover Circle,1
25191177,Cesya,Petofi,cpetofieh@gmpg.org,1,9 Reinke Plaza,0
20685436,Arlena,Bennie,abennieei@unblog.fr,1,77560 Duke Terrace,1
8134462,Kirstin,Branni,kbranniej@people.com.cn,3,1691 Ilene Place,1
28233257,Sabra,Geraldo,sgeraldoek@hugedomains.com,5,1178 Brown Junction,1
17842061,Aubrey,Bispo,abispoel@ifeng.com,5,93045 Rusk Drive,0
13934356,Hirsch,Housegoe,hhousegoeem@ehow.com,3,345 Gale Parkway,0
19446131,Neils,Schutte,nschutteen@businesswire.com,2,74267 Banding Terrace,1
14532466,Siana,Dauby,sdaubyeo@example.com,4,49 Northfield Road,1
8232007,Brandyn,Nern,bnernep@yellowbook.com,5,5 Goodland Trail,0
12637504,Cecilius,Loos,clooseq@nationalgeographic.com,5,1 International Pass,1
10798464,Belle,Boshell,bbosheller@ifeng.com,3,8 Pleasure Point,1
25980647,Susanna,Ronayne,sronaynees@seattletimes.com,2,392 Wayridge Center,0
8695281,Krystal,Mitchelmore,kmitchelmoreet@devhub.com,5,0372 Mesta Plaza,0
25684047,Joann,Smitton,jsmittoneu@drupal.org,1,66 Dakota Avenue,0
16844533,Wolfgang,Adair,wadairev@google.nl,1,961 Merrick Place,0
21171618,Lianna,Elias,leliasew@flickr.com,3,7678 Logan Park,1
11857602,Gregory,Bloy,gbloyex@fc2.com,1,3726 Bonner Trail,1
15260174,Abbi,Lademann,alademanney@plala.or.jp,3,00414 Arkansas Avenue,0
11291057,Flori,Loody,floodyez@dion.ne.jp,3,3748 Dunning Way,0
21759822,Nickola,Hackworthy,nhackworthyf0@wordpress.org,1,5 Fulton Street,1
19673989,Jonathan,Ringham,jringhamf1@senate.gov,1,6 Hudson Place,0
20056526,Adriaens,Hebner,ahebnerf2@etsy.com,3,1 Lerdahl Crossing,1
11095515,Elvis,Arminger,earmingerf3@cisco.com,4,143 Green Ridge Pass,0
27979308,Sean,Whittam,swhittamf4@naver.com,5,79 Johnson Drive,0
28976318,Annabal,Towhey,atowheyf5@vk.com,4,6 Daystar Lane,1
24477889,Silvester,Rudd,sruddf6@shinystat.com,1,06943 Almo Place,1
18708570,Meggie,Demange,mdemangef7@artisteer.com,1,30 Oak Valley Avenue,0
28950241,Sibley,Cecchi,scecchif8@gizmodo.com,4,4 Sunbrook Plaza,0
21678341,Millisent,Tarquinio,mtarquiniof9@loc.gov,5,2 Lake View Park,1
18063083,Lucine,Devil,ldevilfa@cocolog-nifty.com,2,5013 Ridgeview Hill,0
26559422,Shaylyn,Jozwik,sjozwikfb@edublogs.org,5,1321 Montana Circle,0
14375983,Antonietta,Vynoll,avynollfc@marketwatch.com,4,14119 Morningstar Circle,0
25797941,Cynthea,Stampe,cstampefd@diigo.com,2,11 Hovde Street,1
18479441,Loralee,Pisco,lpiscofe@histats.com,4,9 Grover Alley,0
17917968,Delora,Kirkman,dkirkmanff@ed.gov,3,24 Carioca Place,0
18447774,Siegfried,Lawee,slaweefg@chron.com,1,0897 Old Gate Place,0
13569961,Johan,McClory,jmccloryfh@hostgator.com,3,37566 6th Place,0
22941270,Kimberli,Boissier,kboissierfi@bravesites.com,4,49 Dennis Hill,0
27177022,Melloney,Titherington,mtitheringtonfj@odnoklassniki.ru,5,33989 Forest Run Avenue,1
10251685,Nikolos,Loxly,nloxlyfk@indiatimes.com,2,9455 Messerschmidt Crossing,0
24048619,Niki,Smoughton,nsmoughtonfl@blogs.com,4,54 Basil Drive,0
20355506,Tim,MacKaig,tmackaigfm@auda.org.au,5,91271 Paget Plaza,1
23557169,Marcella,Esslement,messlementfn@theguardian.com,4,9920 Bonner Center,1
15788884,Brita,Bennie,bbenniefo@edublogs.org,2,15 Ryan Plaza,0
9798905,Josie,Melesk,jmeleskfp@un.org,3,63 Little Fleur Road,0
25060124,Herman,Carlsen,hcarlsenfq@elpais.com,1,2816 Buhler Street,1
19868489,Anett,Plait,aplaitfr@macromedia.com,5,676 Rigney Road,1
27234889,Hayley,Manginot,hmanginotfs@home.pl,4,537 Roxbury Alley,0
10078489,Errol,Paterson,epatersonft@lycos.com,3,271 Badeau Junction,0
22015387,Addie,Scoates,ascoatesfu@elpais.com,3,0428 Village Avenue,1
8125267,Barri,Garfitt,bgarfittfv@dedecms.com,5,39 Schmedeman Place,0
8733943,Mel,Schwieso,mschwiesofw@ezinearticles.com,2,52063 Forest Dale Point,0
10737386,Kaile,Heliar,kheliarfx@apple.com,3,79136 Montana Point,0
8700779,Britta,McArthur,bmcarthurfy@trellian.com,5,5459 Larry Road,0
26316780,Flossie,Joul,fjoulfz@wsj.com,4,48854 Buena Vista Circle,1
24439195,Chiarra,Moyle,cmoyleg0@i2i.jp,1,30596 Sycamore Crossing,1
24212277,Karlyn,Palser,kpalserg1@theglobeandmail.com,1,9 Pearson Road,0
24915609,Prentice,Bleythin,pbleything2@ask.com,3,0 Merry Place,0
19624094,Milli,Squirrel,msquirrelg3@apple.com,3,03644 Randy Avenue,1
22828587,Winfred,O'Collopy,wocollopyg4@latimes.com,3,0 Waxwing Trail,0
24299287,Jemie,Mahaddy,jmahaddyg5@1688.com,3,80087 Pennsylvania Way,1
15560579,Maxie,Roydon,mroydong6@psu.edu,5,7004 Stang Lane,1
25783780,Mauricio,Falshaw,mfalshawg7@sphinn.com,5,745 Hagan Center,0
15602910,Lauri,Sutherel,lsutherelg8@edublogs.org,3,13757 Mcbride Junction,1
18774102,Bearnard,Mellody,bmellodyg9@wiley.com,1,8405 Fremont Point,1
16236779,Bealle,Pidgeley,bpidgeleyga@is.gd,2,305 Sachtjen Street,1
17945456,Dante,Shailer,dshailergb@ask.com,3,8 Valley Edge Street,1
27074087,Ellsworth,Rigg,erigggc@wufoo.com,3,3 Loomis Avenue,1
9617166,Ines,Sockell,isockellgd@blogs.com,1,099 Ludington Terrace,1
29323000,Howard,Creer,hcreerge@google.pl,5,6 Waywood Point,1
16397917,Avrit,Payton,apaytongf@globo.com,5,310 Carey Street,0
12151735,Lamar,Dahlberg,ldahlberggg@mozilla.com,2,462 Corry Avenue,0
12749937,Alphard,Twelftree,atwelftreegh@squarespace.com,2,7643 1st Pass,1
28879155,Mick,Tolson,mtolsongi@csmonitor.com,4,80 Ludington Circle,1
10413758,Ashlin,Matthiae,amatthiaegj@addthis.com,1,348 Sunnyside Hill,0
23527572,Rodd,Callington,rcallingtongk@fda.gov,2,72932 Arizona Lane,0
27582306,Forest,MacNucator,fmacnucatorgl@nih.gov,1,27 Forest Run Plaza,1
20189999,Heidie,Brookhouse,hbrookhousegm@deviantart.com,5,3 Esch Alley,1
19041193,Joshua,Lushey,jlusheygn@noaa.gov,5,91 Debra Parkway,1
16201795,Ferd,Reese,freesego@wiley.com,4,096 Graceland Road,0
7380026,Shurwood,Stading,sstadinggp@godaddy.com,5,86661 Cottonwood Parkway,0
21802327,Jason,Wren,jwrengq@eepurl.com,1,234 Bashford Park,1
19857067,Prudy,Belf,pbelfgr@smugmug.com,4,9 Lunder Place,1
22529897,Rois,Maynard,rmaynardgs@blogs.com,3,7 Thackeray Junction,0
19059066,Glad,Laurent,glaurentgt@loc.gov,3,523 Hollow Ridge Pass,1
8692864,Gardie,Hebbs,ghebbsgu@biblegateway.com,2,15551 Hanover Way,0
19128999,Hertha,Udey,hudeygv@omniture.com,1,0 Merry Way,1
19175981,Antonia,Bourrel,abourrelgw@mtv.com,4,66 Lakewood Junction,0
22394666,Annadiana,Kestian,akestiangx@yellowpages.com,1,127 Scoville Junction,0
21248671,Rudolfo,Boodell,rboodellgy@weebly.com,3,94933 Mesta Point,0
25729121,Dukey,Rawdales,drawdalesgz@vkontakte.ru,4,74634 Cherokee Junction,1
26193115,Carmen,Braine,cbraineh0@comcast.net,5,9 Buena Vista Crossing,0
10629364,Ellene,Shrigley,eshrigleyh1@nps.gov,2,2599 Westport Circle,0
13099706,Janel,Earthfield,jearthfieldh2@boston.com,2,93985 Daystar Hill,0
29448883,Jere,Murty,jmurtyh3@thetimes.co.uk,2,18 Gulseth Road,1
17271723,Shaughn,Kinsell,skinsellh4@tripod.com,2,550 Mendota Plaza,0
15023663,Leonidas,Wellan,lwellanh5@state.gov,4,2452 Farmco Point,0
26631925,Rochelle,Conner,rconnerh6@blinklist.com,4,685 Armistice Point,1
24600422,Kirsten,Johl,kjohlh7@baidu.com,5,651 Nancy Road,1
7922806,Matty,Vedenyakin,mvedenyakinh8@mit.edu,5,441 Prairieview Way,1
25137605,Sonnie,Iacovucci,siacovuccih9@ifeng.com,5,08 Transport Lane,1
9182986,Scotty,Grinley,sgrinleyha@blogtalkradio.com,3,574 Mcbride Lane,1
21883639,Dorena,MacVean,dmacveanhb@microsoft.com,3,3365 Vera Way,1
22765836,Isabeau,Macconachy,imacconachyhc@phoca.cz,3,0 Hallows Way,1
16948929,Mariette,Toon,mtoonhd@shutterfly.com,4,5979 Armistice Street,0
26975086,Nicoline,Domm,ndommhe@apple.com,3,85232 Green Street,1
20971694,Hermann,Offield,hoffieldhf@businesswire.com,2,91951 Meadow Ridge Road,1
26722135,Field,McSherry,fmcsherryhg@networksolutions.com,5,4697 Morrow Terrace,1
9058407,Alon,Schiementz,aschiementzhh@1und1.de,1,277 Dunning Parkway,0
26129803,Orran,Newell,onewellhi@delicious.com,1,2 Aberg Hill,0
21290781,Hurleigh,Yukhtin,hyukhtinhj@theglobeandmail.com,2,62 Hovde Court,1
24601539,Romain,Everest,reveresthk@cam.ac.uk,2,09449 Calypso Street,1
8812942,Wallas,O'Beirne,wobeirnehl@businesswire.com,5,86 Vernon Point,0
23405606,Mona,Link,mlinkhm@jugem.jp,2,800 Jenifer Place,1
16588216,Pall,Lamy,plamyhn@tmall.com,4,277 Anzinger Road,1
9577213,Bettina,Pybus,bpybusho@digg.com,5,39 Anniversary Trail,1
18342394,Emelina,Wort,eworthp@pinterest.com,2,3986 Waxwing Center,1
14621914,Aldwin,Ivanusyev,aivanusyevhq@economist.com,1,47314 Donald Place,1
12832390,Zackariah,MacMenemy,zmacmenemyhr@geocities.jp,4,3 Tennyson Circle,0
10065982,Lilias,McInally,lmcinallyhs@webs.com,4,92 Sheridan Point,0
12256531,Clarey,Muino,cmuinoht@ezinearticles.com,3,0 Crowley Court,0
28862836,Wendye,Antusch,wantuschhu@tumblr.com,3,23867 Lake View Place,0
11248720,Court,Drife,cdrifehv@blogs.com,5,0 Havey Circle,0
22182848,Rudolf,Hallewell,rhallewellhw@columbia.edu,5,4139 Northland Road,1
14467271,Garrik,Alner,galnerhx@ebay.com,1,246 Springview Drive,1
23156141,Bertram,Coleiro,bcoleirohy@mapy.cz,5,94 Sage Way,1
15152230,Roldan,Janusik,rjanusikhz@fastcompany.com,5,993 Summit Terrace,0
7185325,Dougy,Goranov,dgoranovi0@icio.us,2,356 Crowley Circle,1
21106494,Janelle,Fivey,jfiveyi1@kickstarter.com,5,471 Mallory Terrace,1
25958288,Debbie,Dunsford,ddunsfordi2@1688.com,5,47196 Bluejay Drive,0
11827953,Waly,Proudler,wproudleri3@bbb.org,5,2 Rigney Place,0
28991920,Marius,Muat,mmuati4@youku.com,4,02 Dawn Point,1
9834795,Blanca,Heath,bheathi5@java.com,5,9 Granby Point,1
18245134,Peter,Childes,pchildesi6@vimeo.com,3,2 Pankratz Terrace,1
9331076,Jarvis,Fallows,jfallowsi7@spotify.com,1,2563 Trailsway Pass,0
22527046,Aldridge,Rack,aracki8@yellowbook.com,3,259 Prairie Rose Point,1
20379484,Paolo,Mathely,pmathelyi9@123-reg.co.uk,4,499 Bay Junction,1
8066801,Cordy,Legier,clegieria@moonfruit.com,4,55 Talmadge Street,0
26116849,Trixi,Freyn,tfreynib@prweb.com,2,1 Troy Parkway,0
9012756,Orton,Yallowley,oyallowleyic@sogou.com,5,41 Truax Terrace,0
11591942,Roda,Withnall,rwithnallid@usa.gov,2,75562 Blaine Place,0
10900333,Berte,Duckham,bduckhamie@netscape.com,4,39603 Bayside Pass,1
21011376,Cole,Whitehead,cwhiteheadif@hubpages.com,5,95843 Welch Avenue,0
27031913,Stanleigh,Severs,sseversig@cbsnews.com,1,80477 Hallows Road,1
23927068,Shalne,Eastes,seastesih@miibeian.gov.cn,3,5075 Oriole Way,1
7364067,Alejoa,De Minico,ademinicoii@guardian.co.uk,3,6 Hallows Avenue,0
15111722,Ruby,Beards,rbeardsij@freewebs.com,2,80 Lakewood Pass,0
8732236,Anna-diane,Arens,aarensik@unesco.org,2,364 Spohn Plaza,1
25933727,Flo,Wilsher,fwilsheril@t.co,2,7 Lyons Point,1
9961696,Liva,Blindt,lblindtim@tripod.com,5,6 Village Pass,0
17388774,Kennett,Caen,kcaenin@discuz.net,4,8 Kingsford Terrace,0
23232154,Helenelizabeth,Meaker,hmeakerio@unesco.org,3,7 Stephen Junction,1
25562609,Babara,Pledger,bpledgerip@youtube.com,4,85190 Loeprich Trail,0
23993866,Nyssa,Rudolf,nrudolfiq@webnode.com,5,94 Clarendon Plaza,1
25953952,Reagan,De Gogay,rdegogayir@ocn.ne.jp,2,8 Delaware Plaza,0
22811228,Lotti,Daintree,ldaintreeis@example.com,3,9371 Fallview Road,1
25537242,Hanan,Ofer,hoferit@51.la,2,9 Schurz Plaza,0
19107153,Agnese,Linay,alinayiu@nsw.gov.au,4,146 Blaine Plaza,0
20022974,Bartlet,Merchant,bmerchantiv@wordpress.org,5,04 Birchwood Road,0
24929627,Phedra,Gownge,pgowngeiw@epa.gov,1,6 Cardinal Pass,0
23641195,Amie,Allmann,aallmannix@yahoo.com,2,5 Menomonie Court,0
10553908,Ede,Osipov,eosipoviy@twitpic.com,4,37567 Memorial Drive,1
22761770,Bo,Mongeot,bmongeotiz@canalblog.com,2,314 Rowland Junction,0
9969208,Ramsey,Renhard,rrenhardj0@joomla.org,4,58 Talisman Court,0
27305173,Maxim,de Amaya,mdeamayaj1@addtoany.com,3,58 Maywood Avenue,1
16171857,Sydelle,Dilleway,sdillewayj2@sciencedaily.com,4,95 American Drive,0
10589105,Inna,Ceney,iceneyj3@chicagotribune.com,3,18 Dottie Road,0
20737756,Deonne,Flatte,dflattej4@theglobeandmail.com,3,66162 3rd Parkway,1
22073122,Cosette,Poundford,cpoundfordj5@netscape.com,2,7 Hagan Plaza,1
12281848,Michel,Tease,mteasej6@technorati.com,2,75913 Grover Center,0
9056079,Jeffrey,Dibling,jdiblingj7@ucla.edu,1,2 Daystar Way,0
11003000,Sibelle,Raigatt,sraigattj8@artisteer.com,2,597 Roxbury Way,1
11563217,Prescott,Chillingworth,pchillingworthj9@reference.com,3,80 John Wall Plaza,1
12300172,Skyler,Juden,sjudenja@reddit.com,3,1978 Autumn Leaf Way,0
19651113,Katrine,Moret,kmoretjb@tinyurl.com,5,2246 Bobwhite Place,0
8921521,Jedidiah,Aldine,jaldinejc@bandcamp.com,5,94490 Meadow Vale Street,0
12051348,Dexter,Benton,dbentonjd@salon.com,4,344 Hollow Ridge Road,1
10907798,Melonie,Cordon,mcordonje@bizjournals.com,4,5846 Northland Trail,0
28345166,Nero,Diano,ndianojf@imageshack.us,3,863 Westridge Point,0
26714660,Rosette,Ewdale,rewdalejg@seesaa.net,5,822 Twin Pines Way,1
20829223,Osbert,Smallwood,osmallwoodjh@accuweather.com,1,8 School Lane,1
16333009,Ema,Eyckel,eeyckelji@histats.com,1,30 Manley Trail,0
15156996,Loreen,Colecrough,lcolecroughjj@latimes.com,2,97264 Luster Park,1
19232012,Claribel,Skillitt,cskillittjk@patch.com,4,2 Quincy Place,0
11524241,Michaelina,Runacres,mrunacresjl@angelfire.com,3,3 Sachtjen Lane,1
28232687,Eduino,Lodeke,elodekejm@independent.co.uk,5,450 Marquette Drive,0
29786153,Giovanna,Cluer,gcluerjn@bbb.org,4,77371 Sherman Way,0
9348516,Baillie,Tremontana,btremontanajo@telegraph.co.uk,3,8189 Eastlawn Way,0
24698310,Tobey,Fennell,tfennelljp@addthis.com,5,2 Londonderry Drive,1
20783792,Cord,Trowill,ctrowilljq@1688.com,4,111 Red Cloud Alley,1
28873797,Demetra,Dobby,ddobbyjr@icio.us,2,92 Meadow Vale Plaza,0
29292609,Austin,Mackneis,amackneisjs@slideshare.net,2,387 Banding Park,0
28602092,Marv,Minocchi,mminocchijt@boston.com,1,9828 3rd Street,0
13216660,Astrid,Peebles,apeeblesju@last.fm,4,9 Mallard Way,1
28095270,Selig,Tebbutt,stebbuttjv@woothemes.com,1,1784 Sloan Road,0
29461638,Lonni,Barczewski,lbarczewskijw@quantcast.com,2,9 2nd Street,1
8621616,Kyle,Kauffman,kkauffmanjx@macromedia.com,3,0230 Buena Vista Hill,0
7964582,Lorin,Cotsford,lcotsfordjy@discovery.com,3,62 Spohn Terrace,0
8130104,Josee,Gurnell,jgurnelljz@naver.com,1,86447 Gerald Street,1
27296769,Correy,Thunnerclef,cthunnerclefk0@infoseek.co.jp,3,70 Beilfuss Terrace,0
17498088,Marley,Lissimore,mlissimorek1@europa.eu,2,25929 Di Loreto Trail,0
14627704,Patrick,Denman,pdenmank2@jigsy.com,4,157 Charing Cross Drive,1
14634297,Olwen,Guppy,oguppyk3@disqus.com,3,2943 Troy Alley,0
21031500,Parsifal,Entwhistle,pentwhistlek4@thetimes.co.uk,1,0 Sunbrook Trail,0
11787462,Molli,Molloy,mmolloyk5@meetup.com,3,63 Tony Point,0
12890291,Lin,Quenell,lquenellk6@ezinearticles.com,4,81 Kedzie Parkway,0
19951901,Fred,Nye,fnyek7@npr.org,2,47 Kedzie Pass,0
8076155,Halsey,Scipsey,hscipseyk8@devhub.com,3,481 Buell Circle,0
24436241,Devonne,Copozio,dcopoziok9@mac.com,3,40366 Maple Center,0
16092684,Roseline,Kenvin,rkenvinka@youtu.be,3,06079 Bartelt Terrace,1
11175007,Burlie,Treadgold,btreadgoldkb@t-online.de,2,24514 Harper Trail,1
28806426,Andie,Ridett,aridettkc@constantcontact.com,5,2 Transport Center,0
16085768,Cly,Gant,cgantkd@weather.com,2,11021 Forest Dale Park,0
24777605,Gregorius,Balshaw,gbalshawke@vinaora.com,2,91170 Michigan Terrace,0
16206182,Bernadette,Cluckie,bcluckiekf@slate.com,4,6774 Arkansas Avenue,0
7579161,Else,De Witt,edewittkg@nytimes.com,5,3786 Heffernan Way,0
26157848,Klaus,Megroff,kmegroffkh@reference.com,4,3538 7th Crossing,0
27660501,Phip,Andrin,pandrinki@businesswire.com,3,65 Farmco Trail,0
17401602,Lynde,Mixer,lmixerkj@yahoo.co.jp,1,94964 Eastwood Junction,1
10028074,Ashly,Lunn,alunnkk@t.co,1,8837 Hauk Road,0
13563276,Ailina,Caught,acaughtkl@last.fm,3,2 Rigney Road,0
7775901,Dotty,Braker,dbrakerkm@woothemes.com,2,695 Eliot Park,0
15008556,Ajay,Illsley,aillsleykn@privacy.gov.au,5,454 Merchant Point,1
20525551,Margaretta,Spada,mspadako@xinhuanet.com,3,19 Monterey Pass,0
21648764,Hermon,Sanham,hsanhamkp@latimes.com,5,25938 Huxley Center,0
25699519,Wolfgang,McCambrois,wmccambroiskq@japanpost.jp,3,99871 Golf Way,1
19248116,Humfrid,Craft,hcraftkr@g.co,1,5780 Prentice Avenue,0
17961845,Mendie,McAuley,mmcauleyks@friendfeed.com,3,64080 Hoard Place,0
19630884,Cory,Barkes,cbarkeskt@ehow.com,4,08985 Bonner Junction,0
23764107,Lia,Spiers,lspiersku@sina.com.cn,1,98 Briar Crest Alley,1
10110204,Deborah,Stenbridge,dstenbridgekv@nationalgeographic.com,4,7 Thompson Terrace,1
24961651,Hyman,Lobley,hlobleykw@mediafire.com,3,32 Mockingbird Court,1
29241447,Bernette,Gritsaev,bgritsaevkx@google.co.uk,4,142 Brentwood Alley,0
18849713,Raff,Petkens,rpetkensky@ow.ly,4,931 Havey Crossing,1
10792648,Julian,Portail,jportailkz@nba.com,4,1 Troy Pass,1
16271407,Wald,Layburn,wlayburnl0@nih.gov,5,69886 Manitowish Avenue,0
16752668,Pauly,Giacobelli,pgiacobellil1@about.com,3,3 Hoffman Road,1
15163919,Nicol,Inkles,ninklesl2@java.com,4,60 Hayes Park,1
23577653,Ardith,Steel,asteell3@businessweek.com,3,89374 Beilfuss Park,0
9022161,Kial,Pilch,kpilchl4@zdnet.com,1,66938 Orin Terrace,0
29358263,Laina,Lindenman,llindenmanl5@foxnews.com,5,80 Barby Hill,1
10277330,Lorne,Blanckley,lblanckleyl6@gnu.org,5,058 Debra Pass,0
19099391,Carolus,McKitterick,cmckitterickl7@businesswire.com,5,758 Fairfield Street,1
25679138,Amalea,Androletti,aandrolettil8@miibeian.gov.cn,3,01 Briar Crest Circle,1
11466043,Melody,Phebee,mphebeel9@engadget.com,1,75431 Judy Crossing,0
12654901,Irene,Beasant,ibeasantla@webs.com,5,34580 Sachtjen Crossing,0
13965866,Salomon,Reece,sreecelb@last.fm,1,051 Northport Court,0
29917629,Anders,D'Aubney,adaubneylc@hugedomains.com,3,1 Mallard Parkway,1
13520910,Dahlia,McFeate,dmcfeateld@diigo.com,4,455 Lillian Parkway,0
22233132,Valaria,Carlett,vcarlettle@tinyurl.com,4,65013 Nancy Crossing,0
12100980,Evangelin,Buckenhill,ebuckenhilllf@ow.ly,5,619 Roth Drive,1
26111326,Arv,Pourvoieur,apourvoieurlg@ted.com,4,2407 Melrose Center,1
15265758,Gray,Wilcot,gwilcotlh@google.fr,4,4859 Farwell Center,0
12267495,Brynna,Skamal,bskamalli@canalblog.com,4,33818 Dunning Terrace,0
15808455,Manny,Wotherspoon,mwotherspoonlj@adobe.com,4,559 Killdeer Street,1
9697564,Joyce,Sherred,jsherredlk@live.com,4,0 Spohn Way,0
22921800,Quincy,Abbay,qabbayll@yelp.com,4,327 South Plaza,0
7292557,Noemi,Baff,nbafflm@jimdo.com,5,3 Lukken Plaza,0
10021067,Gill,Adolfson,gadolfsonln@jiathis.com,5,5 Meadow Valley Parkway,1
24624767,Borden,Bwye,bbwyelo@blogger.com,1,5 Bartelt Court,0
15929428,Tate,Rusted,trustedlp@hc360.com,1,2823 Swallow Center,0
21367571,Markos,Strutton,mstruttonlq@archive.org,5,4 High Crossing Parkway,0
29624110,Standford,Pyecroft,spyecroftlr@ucsd.edu,5,1 Huxley Center,0
8573982,Shirlene,Craik,scraikls@patch.com,4,575 Luster Point,0
22654942,Zsa zsa,Wheelton,zwheeltonlt@ocn.ne.jp,3,72390 Golden Leaf Way,1
29255397,Rosy,Treneman,rtrenemanlu@elegantthemes.com,5,9 North Center,0
10272730,Amberly,Tixall,atixalllv@dailymotion.com,2,4681 Sheridan Terrace,0
24648123,Shepard,Vicioso,sviciosolw@fema.gov,2,98489 American Ash Crossing,1
28245806,Leif,Inglefield,linglefieldlx@uol.com.br,2,918 Schurz Pass,1
22774484,Kliment,Geddes,kgeddesly@geocities.jp,3,5 Everett Circle,0
14890918,Pancho,Bispo,pbispolz@yellowbook.com,2,47 Ridgeview Street,0
23655112,Jacobo,Eyles,jeylesm0@is.gd,3,669 Debra Way,0
24627700,Becka,Hudleston,bhudlestonm1@com.com,5,8 Dwight Crossing,0
27842486,Benedikt,Batte,bbattem2@craigslist.org,4,37199 Harper Circle,1
16752679,Lila,Waterstone,lwaterstonem3@discovery.com,4,46 Lyons Place,0
26244215,Friedrich,Aggis,faggism4@jugem.jp,5,96 Golf View Drive,0
19643839,Bendicty,Greenstead,bgreensteadm5@paypal.com,1,354 Saint Paul Terrace,0
20848548,Odilia,Bunney,obunneym6@xrea.com,4,39 Macpherson Parkway,0
21547305,Jules,Hubbold,jhubboldm7@ask.com,5,13 Blackbird Way,0
16483552,Mariel,Crankshaw,mcrankshawm8@shareasale.com,2,85 Nova Trail,1
15618535,Wylie,Baccas,wbaccasm9@goodreads.com,1,5 Forster Park,0
18546093,Annmaria,Mitham,amithamma@histats.com,3,17087 Green Ridge Plaza,0
9081685,Piper,Kyberd,pkyberdmb@4shared.com,4,737 High Crossing Crossing,1
15457957,Renaud,Wolfenden,rwolfendenmc@fastcompany.com,5,2 Shelley Court,1
8130195,Karee,Kalderon,kkalderonmd@acquirethisname.com,5,52 Blaine Center,1
22432481,Cheri,Donson,cdonsonme@wp.com,1,90 Hayes Trail,0
7103421,Arnuad,Haitlie,ahaitliemf@mail.ru,4,2 Garrison Lane,0
25376126,Hyacinthia,Struther,hstruthermg@miibeian.gov.cn,2,6 5th Road,0
18793108,Jeremias,Wolfers,jwolfersmh@wikispaces.com,3,6731 Mitchell Plaza,1
19703986,Marlee,Pentelow,mpentelowmi@pcworld.com,5,316 Esker Place,0
29510332,Reg,Villaron,rvillaronmj@businesswire.com,4,263 Linden Point,1
13647216,Xylia,Nowaczyk,xnowaczykmk@twitpic.com,3,01392 Steensland Place,1
12435320,Kevan,Dorricott,kdorricottml@jigsy.com,3,36 Gale Center,1
10343090,Shay,Santus,ssantusmm@taobao.com,1,99 Redwing Pass,0
23126950,Eydie,Starsmore,estarsmoremn@wsj.com,3,335 Harper Alley,0
8621241,Marlyn,Florence,mflorencemo@irs.gov,2,50185 Continental Circle,1
12424129,Anni,Dewsbury,adewsburymp@weibo.com,2,0 Spenser Street,1
20318428,Pat,Hazlegrove,phazlegrovemq@weather.com,4,68988 Forest Run Court,1
20059852,Yorgo,Coen,ycoenmr@nps.gov,2,645 Marquette Lane,0
20201425,Roxy,Beidebeke,rbeidebekems@fastcompany.com,2,1 Swallow Point,1
13778645,Belinda,Boissier,bboissiermt@wiley.com,5,791 Fulton Park,1
24363103,Tobe,Grimolbie,tgrimolbiemu@microsoft.com,4,00 Thompson Park,0
19044749,Honey,Maffione,hmaffionemv@goo.gl,5,6 Anniversary Center,1
27797586,Derrik,Kiddie,dkiddiemw@accuweather.com,4,6 Melvin Court,0
23705275,Clemmie,Bending,cbendingmx@newsvine.com,3,85 Moose Court,0
12645546,Drucy,Pechold,dpecholdmy@springer.com,2,28 Bunting Road,0
21901168,Kalina,Partridge,kpartridgemz@time.com,5,3 Russell Terrace,1
24504519,Ahmed,Don,adonn0@tripod.com,4,2 Rowland Street,1
19657818,Kerianne,Trevain,ktrevainn1@goo.gl,1,220 Trailsway Court,0
12754889,Perry,Schulken,pschulkenn2@addtoany.com,4,19 Truax Circle,1
10767358,Rubetta,Rivard,rrivardn3@unc.edu,3,81 Eagle Crest Street,0
21339497,Gregoire,Fakeley,gfakeleyn4@delicious.com,1,65 Kipling Place,0
7807434,Tamas,Fleckney,tfleckneyn5@cbc.ca,5,88 Eggendart Court,0
11197086,Abie,Fludder,afluddern6@hhs.gov,2,565 Shopko Avenue,0
20215805,Griff,Quinnette,gquinnetten7@shinystat.com,4,39 Dryden Drive,0
13806125,Penny,Sedgemore,psedgemoren8@google.de,1,187 Arizona Junction,1
7837783,Allene,Lightbown,alightbownn9@yellowpages.com,3,48030 Norway Maple Alley,0
18859130,Anestassia,Tourot,atourotna@smugmug.com,3,20 Artisan Plaza,0
16000053,Flor,Lakeman,flakemannb@plala.or.jp,2,87036 Lunder Center,1
29257102,Mindy,Riche,mrichenc@howstuffworks.com,5,4 Linden Street,1
21089566,Carolyn,Itzkovsky,citzkovskynd@huffingtonpost.com,5,46 Mcbride Park,1
27697954,Ethelind,Braker,ebrakerne@ning.com,4,57 Gina Place,1
14943145,Bart,Cosslett,bcosslettnf@hp.com,5,752 American Ash Point,0
20946015,Carmelia,Corson,ccorsonng@pcworld.com,4,21941 Mallory Street,0
20092795,Darrel,Swigger,dswiggernh@chicagotribune.com,4,803 American Park,0
16316412,Franny,Alvis,falvisni@github.com,1,30720 Scott Road,1
19112265,Eldridge,Pressnell,epressnellnj@ucoz.com,3,29635 Almo Alley,1
19431184,Tatum,Scolts,tscoltsnk@hexun.com,4,1262 Colorado Plaza,1
13554572,Giralda,Noone,gnoonenl@issuu.com,2,8 Kingsford Park,0
19325738,Berne,Gisbourn,bgisbournnm@wunderground.com,4,01770 Namekagon Parkway,1
10675541,Danie,Arney,darneynn@loc.gov,3,2036 Magdeline Drive,1
22387910,Joya,Coath,jcoathno@engadget.com,1,6 Burrows Avenue,1
20761530,Devy,Chominski,dchominskinp@elpais.com,2,1 Welch Circle,0
16480692,Vivian,Lisimore,vlisimorenq@wordpress.com,4,7337 Erie Terrace,0
28822049,Marris,Simonaitis,msimonaitisnr@prnewswire.com,1,6 Superior Court,0
14412390,Magdalene,Hanretty,mhanrettyns@squidoo.com,4,320 Helena Junction,1
27051555,Haleigh,Spinnace,hspinnacent@tuttocitta.it,1,5 Norway Maple Place,1
22909881,Caty,Abdee,cabdeenu@clickbank.net,5,400 Anzinger Way,1
20875859,Lanny,Egdal,legdalnv@joomla.org,3,765 Garrison Pass,1
14904657,Giselle,Dignon,gdignonnw@mozilla.com,5,59 Glendale Alley,1
25758924,Tam,Cholomin,tcholominnx@ask.com,5,1308 Declaration Drive,1
19192288,Reese,Chapelhow,rchapelhowny@rambler.ru,5,4 Kropf Hill,0
28961941,Blondelle,Cowins,bcowinsnz@nps.gov,3,4935 Acker Alley,0
10646713,Mathilda,Muckleston,mmucklestono0@google.nl,5,9 Del Sol Terrace,0
24306927,Edith,Pattle,epattleo1@naver.com,3,30723 Havey Point,0
18460095,Maris,Silby,msilbyo2@opensource.org,5,393 Transport Park,1
26005425,Malynda,Caldecot,mcaldecoto3@privacy.gov.au,2,2024 Waxwing Pass,1
10481588,Ira,Charge,ichargeo4@gizmodo.com,5,5392 Charing Cross Parkway,0
12439871,Ilise,Warne,iwarneo5@skype.com,5,9570 Lunder Drive,0
22728254,Alisa,Dudderidge,adudderidgeo6@netvibes.com,1,78 Bellgrove Plaza,0
7740799,Jere,De Gregario,jdegregarioo7@wunderground.com,5,38 Bluestem Place,1
20389513,Elladine,Lowy,elowyo8@dropbox.com,3,1 Mesta Way,0
20511480,Miltie,Hallard,mhallardo9@eepurl.com,1,37328 Ryan Park,0
12435275,Mair,Clarke-Williams,mclarkewilliamsoa@ebay.com,3,0394 Arizona Alley,0
18503857,Corri,Demsey,cdemseyob@aol.com,5,934 Corscot Center,0
19735303,Jonis,Macias,jmaciasoc@sciencedaily.com,2,40 Tennessee Way,0
13921509,Eba,Maisey,emaiseyod@nationalgeographic.com,5,5 Jay Trail,1
10436185,Betty,Duckers,bduckersoe@webmd.com,4,85 Farmco Pass,0
11898986,Goran,McLukie,gmclukieof@time.com,1,66 Iowa Point,1
13685541,Ninnetta,Paike,npaikeog@mapquest.com,3,264 Village Center,0
26240829,Anica,Crebbin,acrebbinoh@mozilla.org,5,8382 Texas Circle,0
19564478,Ernestine,MacCroary,emaccroaryoi@cyberchimps.com,5,19922 Bayside Way,1
28085449,Clerissa,Melsom,cmelsomoj@cbc.ca,2,2828 Namekagon Parkway,0
24868387,Yelena,Milillo,ymilillook@ibm.com,4,56181 Paget Court,1
9469645,Arvin,Fantonetti,afantonettiol@house.gov,4,43175 Coleman Parkway,0
19242077,Abbi,Sybbe,asybbeom@mlb.com,3,04 Tennyson Circle,1
8294797,Deeyn,Benediktsson,dbenediktssonon@booking.com,5,65092 Basil Place,0
28580433,Fletcher,Wigfall,fwigfalloo@hhs.gov,3,5510 Parkside Crossing,1
20969173,Kellia,Marusyak,kmarusyakop@imgur.com,4,0 Vera Junction,0
19836349,Muire,Torry,mtorryoq@indiatimes.com,2,9150 Northwestern Circle,0
28017663,Porty,Grinnikov,pgrinnikovor@prlog.org,5,4 Larry Plaza,0
12877133,Guglielma,Botterell,gbotterellos@ted.com,4,14425 Parkside Drive,0
21358071,Alie,Crispin,acrispinot@accuweather.com,3,74 Goodland Trail,0
29146001,Rodolfo,Sharnock,rsharnockou@liveinternet.ru,2,93459 Dorton Drive,0
13696151,Erasmus,Sopper,esopperov@indiegogo.com,2,8726 Pine View Parkway,1
23832327,Rebecka,Migheli,rmigheliow@cnet.com,1,30 Fair Oaks Place,1
15987932,Sharyl,Geeves,sgeevesox@skyrock.com,2,31 Briar Crest Parkway,1
14143795,Lorain,Orrock,lorrockoy@craigslist.org,2,62 Westend Crossing,0
25585766,Rudolfo,Fell,rfelloz@issuu.com,4,53142 Southridge Court,1
16016019,Toinette,Cleghorn,tcleghornp0@ning.com,2,0 Raven Terrace,1
25664726,Persis,Yarrall,pyarrallp1@va.gov,4,6 Stoughton Lane,1
21071384,Constantine,Lowton,clowtonp2@artisteer.com,5,25 Jana Hill,1
21158213,Edyth,Bernocchi,ebernocchip3@studiopress.com,5,2 Havey Crossing,1
29102970,Gregoor,Harpham,gharphamp4@theglobeandmail.com,4,8240 Columbus Place,1
7937032,Olivie,McKerlie,omckerliep5@hatena.ne.jp,3,01688 Jenna Trail,1
24994964,Violante,Orans,voransp6@disqus.com,5,31213 Bultman Place,1
26381449,Uri,Larman,ularmanp7@house.gov,5,1927 Pepper Wood Crossing,1
16414468,Marietta,Gally,mgallyp8@github.io,2,32924 Transport Terrace,0
23081553,Bev,Strapp,bstrappp9@blinklist.com,3,00 Hansons Crossing,0
19419056,Cesare,Servis,cservispa@joomla.org,3,65 Hagan Crossing,0
17222655,Lay,Gabler,lgablerpb@ca.gov,5,7 Sloan Street,1
7802674,Ashbey,Cunio,acuniopc@narod.ru,2,5175 Roxbury Crossing,1
27141680,Rana,Cruden,rcrudenpd@icq.com,3,58840 Killdeer Junction,1
7816779,Ephraim,Van Cassel,evancasselpe@w3.org,3,282 Packers Hill,0
29368126,Muffin,Emanuelli,memanuellipf@tmall.com,4,6463 Lyons Avenue,0
15228252,Ilise,Stennet,istennetpg@mozilla.org,2,44532 Kipling Lane,0
20916748,Quinton,Di Ruggiero,qdiruggieroph@seesaa.net,2,09 Hooker Park,0
21569224,Pippo,Labdon,plabdonpi@usgs.gov,5,7 Northwestern Place,0
26859163,Skell,Kinver,skinverpj@blogtalkradio.com,5,08 Huxley Center,0
29064564,Normand,Ashfield,nashfieldpk@paginegialle.it,4,61 Sycamore Hill,1
13406838,Shaun,Echelle,sechellepl@oakley.com,4,300 Sunbrook Way,1
12127303,Jory,Jahan,jjahanpm@yandex.ru,5,7 Mcguire Lane,0
29223830,Phedra,Sparshett,psparshettpn@twitpic.com,3,39 Calypso Alley,1
28429540,Herb,Petrovykh,hpetrovykhpo@facebook.com,5,47102 Bayside Way,0
10654221,Ami,Bediss,abedisspp@unblog.fr,1,5019 Londonderry Drive,1
15362640,Cristin,Jelfs,cjelfspq@webeden.co.uk,5,9619 Goodland Parkway,0
27108382,Luciano,Guerrieri,lguerrieripr@multiply.com,1,0194 Crest Line Plaza,0
13928605,Warde,Budgen,wbudgenps@oracle.com,2,6414 Dryden Terrace,0
12271609,Mickey,Wrey,mwreypt@ucla.edu,3,606 Mcguire Center,1
15473366,Angeline,Tullis,atullispu@quantcast.com,2,523 Fisk Parkway,0
24818094,Bank,Wrathmall,bwrathmallpv@biblegateway.com,5,82401 Anniversary Junction,0
19248102,Phil,Kieran,pkieranpw@google.co.jp,5,99455 Elmside Crossing,1
23928910,Kristine,Darnborough,kdarnboroughpx@forbes.com,3,94653 Talmadge Way,0
15340058,Easter,Cheevers,echeeverspy@gmpg.org,2,91 Bartelt Avenue,0
11693342,Aviva,Ferdinand,aferdinandpz@cisco.com,4,8 Saint Paul Lane,0
25255529,Weber,Calderon,wcalderonq0@imageshack.us,1,0 Rusk Circle,0
21082735,Tracie,Baroux,tbarouxq1@photobucket.com,4,8700 Redwing Avenue,0
16056261,Bev,Troup,btroupq2@ibm.com,2,9 Cardinal Park,1
28316720,Cosmo,Moneypenny,cmoneypennyq3@loc.gov,3,7 Carioca Circle,1
9821240,Cliff,Tosspell,ctosspellq4@lulu.com,5,6652 Warbler Point,1
18639450,Geoffrey,Lavelle,glavelleq5@buzzfeed.com,4,4 Farwell Court,0
9868973,Lanie,Snowling,lsnowlingq6@icio.us,4,9 Macpherson Way,1
25940290,Sherye,Throughton,sthroughtonq7@flavors.me,4,31660 Barnett Way,1
9673154,Mavis,McMurdo,mmcmurdoq8@acquirethisname.com,1,82905 Cambridge Avenue,0
23003726,Jillie,Netting,jnettingq9@tinypic.com,3,88 Truax Pass,1
17128932,Meris,Brattell,mbrattellqa@hhs.gov,5,803 Laurel Pass,1
19367483,Cara,Evison,cevisonqb@networksolutions.com,3,2 Algoma Crossing,0
12468968,Jeffy,Aggio,jaggioqc@house.gov,5,12 Ohio Junction,0
9182409,Rennie,Murray,rmurrayqd@hud.gov,4,69354 Golden Leaf Court,0
16464803,Hieronymus,Girke,hgirkeqe@tripadvisor.com,1,630 Maple Parkway,0
21135891,Hannah,Pandey,hpandeyqf@umich.edu,4,6 Homewood Court,0
28727913,Colet,Jenicke,cjenickeqg@msu.edu,2,29 Loeprich Circle,1
25261301,Jareb,Rusted,jrustedqh@scientificamerican.com,2,1 Mallory Avenue,0
8652271,Koral,Jest,kjestqi@angelfire.com,2,43 Shoshone Lane,0
25412789,Hanna,Berick,hberickqj@dmoz.org,1,6 Golf Course Crossing,1
13232428,Hedda,Renneke,hrennekeqk@technorati.com,1,466 Wayridge Drive,0
23071635,Caresa,Freyne,cfreyneql@jalbum.net,1,53 Doe Crossing Way,1
25714818,Ashby,Ramm,arammqm@epa.gov,3,292 Mariners Cove Place,1
7247851,Malinda,Andrivel,mandrivelqn@etsy.com,2,7 Monica Place,1
15265529,Bertina,Sanford,bsanfordqo@wunderground.com,2,98 Twin Pines Place,0
11231802,Robbert,Medgwick,rmedgwickqp@addthis.com,2,60305 Weeping Birch Junction,1
9392051,Corina,Rowles,crowlesqq@prlog.org,2,313 Green Drive,0
18137022,Kizzee,Kernaghan,kkernaghanqr@jalbum.net,5,207 Sullivan Junction,1
24568251,Linn,Barlie,lbarlieqs@home.pl,2,622 Sullivan Circle,0
23567642,Aurel,Brockett,abrockettqt@twitter.com,3,6922 Green Lane,1
18370753,Raphael,Mapstone,rmapstonequ@dot.gov,3,478 Arrowood Way,0
13432466,Reinhard,Trever,rtreverqv@free.fr,2,8165 Kim Junction,0
25248911,Lethia,Tomes,ltomesqw@unc.edu,3,5494 Scofield Center,1
16857050,Zorina,Ounsworth,zounsworthqx@pen.io,1,4 Larry Center,0
8933805,Carly,Assad,cassadqy@tamu.edu,4,8 Vernon Circle,1
26515917,Ted,Angrick,tangrickqz@barnesandnoble.com,3,34 Glacier Hill Center,1
29295542,Milli,Leisk,mleiskr0@fastcompany.com,1,85890 Holmberg Pass,0
22196574,Dorothee,Guinness,dguinnessr1@apple.com,5,077 Declaration Hill,0
23309366,Micheil,Rodder,mrodderr2@earthlink.net,1,1985 Duke Crossing,1
24995742,Jilli,Hann,jhannr3@ucoz.com,2,8253 Sullivan Crossing,1
19321959,Cynthy,Oxshott,coxshottr4@sbwire.com,5,9193 Del Sol Hill,1
15275901,Gwyneth,Spellessy,gspellessyr5@samsung.com,2,8881 Monica Road,0
10256699,Dynah,Norfolk,dnorfolkr6@hud.gov,3,8 Homewood Pass,1
20312182,Dulce,Lainton,dlaintonr7@posterous.com,3,9 Delladonna Plaza,1
9914047,Tallulah,Gilburt,tgilburtr8@addtoany.com,2,6 Harbort Point,0
25459077,Eric,Milby,emilbyr9@nymag.com,2,66 American Ash Crossing,1
13532900,Alvera,Frizell,afrizellra@businessweek.com,3,763 Stoughton Hill,0
15495968,Nealy,Silverton,nsilvertonrb@pen.io,4,51041 Jana Terrace,0
27124096,Dannie,Foddy,dfoddyrc@washingtonpost.com,4,64 Truax Center,0
11342168,Galven,Dumblton,gdumbltonrd@accuweather.com,3,39502 Bonner Way,1
12320316,Kenn,Strutley,kstrutleyre@barnesandnoble.com,2,8 Blackbird Center,1
25847481,Verge,Pirozzi,vpirozzirf@godaddy.com,3,4792 Ridge Oak Street,1
16072709,Netty,Askaw,naskawrg@fema.gov,5,97897 Elgar Parkway,0
21554875,Jude,Onyon,jonyonrh@csmonitor.com,2,02842 Monterey Park,0
22987795,Adair,Filipychev,afilipychevri@utexas.edu,5,049 Farragut Park,1
13946507,Terese,Mintoft,tmintoftrj@tinyurl.com,3,18007 Porter Center,1
11944828,Daniel,Olman,dolmanrk@yelp.com,1,2556 Waxwing Parkway,1
20079597,Emanuele,Peterson,epetersonrl@trellian.com,1,59876 Forster Junction,1
20322305,Kalil,Rickets,kricketsrm@weibo.com,1,17776 Novick Place,1
23899503,Jessamine,Davidovicz,jdavidoviczrn@sourceforge.net,5,6 Orin Avenue,1
16827528,Tracie,Steaning,tsteaningro@fastcompany.com,1,1 Superior Junction,0
15115350,Gil,Kobierzycki,gkobierzyckirp@zimbio.com,3,757 Goodland Point,1
20271963,Burl,Weinmann,bweinmannrq@bing.com,5,44762 Kingsford Center,1
9051930,Dyna,Rogister,drogisterrr@tripod.com,4,149 South Drive,1
