RAV4,Toyota,PEF-750,Teal,2004,77182,false,electric,47.20,16507447,04/03/2024
CX-7,Mazda,LAE-488,Aquamarine,2008,59533,false,gasoline,25.64,23010852,27/10/2024
Camaro,Chevrolet,MSD-487,Aquamarine,1994,94290,true,diesel,32.95,8372504,28/03/2024
GTI,Volkswagen,TTY-217,Aquamarine,1986,62078,true,hybrid,46.31,27543133,18/07/2024
Yukon,GMC,RFP-201,Orange,2003,92488,true,electric,45.21,21885354,10/02/2024
S-Class,Mercedes-Benz,EBR-711,Goldenrod,2011,92097,true,gasoline,25.96,19971356,01/05/2024
RX-7,Mazda,HGM-019,Fuscia,1985,91965,true,diesel,38.69,10849973,03/01/2024
Corolla,Toyota,TEA-605,Puce,2009,38613,false,hybrid,35.79,24134487,03/09/2024
Express 1500,Chevrolet,ILZ-393,Violet,1996,60291,true,electric,41.03,21910934,01/01/2024
Xterra,Nissan,LXT-797,Green,2012,88672,false,gasoline,11.50,20041366,02/10/2024
4Runner,Toyota,ZPZ-455,Orange,1993,85465,true,diesel,28.81,10924553,17/05/2024
MX-5,Mazda,NEK-318,Teal,1990,73900,false,hybrid,24.54,24598169,01/05/2024
Tacoma,Toyota,QIN-615,Puce,1996,34269,false,electric,36.05,15536016,11/10/2024
Cougar,Mercury,MWA-426,Purple,1991,85413,true,gasoline,37.58,16451757,12/01/2024
SLK-Class,Mercedes-Benz,BXJ-300,Aquamarine,2002,83357,false,diesel,18.54,7462109,04/03/2024
Accent,Hyundai,ZUZ-946,Red,2013,2008,false,hybrid,12.85,23383305,03/12/2023
RS4,Audi,RRY-114,Fuscia,2007,97546,false,electric,33.06,16860374,25/09/2024
Uplander,Chevrolet,BVS-312,Red,2006,59860,true,gasoline,44.75,23214563,11/11/2024
RL,Acura,GQS-017,Indigo,1999,65041,false,diesel,39.63,14956939,22/05/2024
Challenger,Dodge,HPD-559,Red,2010,98637,false,hybrid,45.91,27493827,23/11/2023
C30,Volvo,XPM-362,Red,2008,35855,true,electric,13.65,29557351,21/07/2024
Fit,Honda,LTR-442,Orange,2009,19392,false,gasoline,38.85,16522987,11/11/2023
TundraMax,Toyota,ARC-200,Orange,2011,25734,false,diesel,30.08,26648427,29/03/2024
Eclipse,Mitsubishi,KWY-715,Purple,1989,5400,false,hybrid,18.67,27821930,04/11/2024
Rio,Kia,UMY-018,Indigo,2001,98515,true,electric,29.04,27351204,13/10/2024
JUKE,Nissan,WFK-093,Khaki,2012,86178,false,gasoline,28.56,24884463,16/11/2023
Fifth Ave,Chrysler,ZHJ-713,Yellow,1993,60719,true,diesel,42.97,14530493,15/02/2024
Boxster,Porsche,WQW-395,Violet,2003,61288,true,hybrid,32.67,10818079,24/02/2024
Eldorado,Cadillac,CGB-114,Pink,1998,96096,false,electric,29.30,21483624,16/03/2024
Accord,Honda,YDU-148,Puce,2005,6179,true,gasoline,10.24,26639499,31/12/2023
Dakota Club,Dodge,KUP-462,Pink,1996,47407,false,diesel,15.74,16966296,26/06/2024
GTO,Mitsubishi,QSC-329,Teal,1990,96707,true,hybrid,10.72,10911338,23/01/2024
Regal,Buick,OTJ-124,Puce,1986,89312,false,electric,45.74,14976944,30/08/2024
Reno,Suzuki,YTT-356,Orange,2006,91793,false,gasoline,34.47,28854839,12/06/2024
S2000,Honda,AMD-891,Goldenrod,2004,76867,true,diesel,42.75,16846917,12/10/2024
Chariot,Mitsubishi,JGQ-241,Indigo,1996,98014,false,hybrid,45.18,18452939,05/01/2025
Baja,Subaru,WUE-931,Crimson,2005,46797,false,electric,37.41,21592350,09/12/2024
Jimmy,GMC,FIF-047,Violet,1999,78716,true,gasoline,14.06,25753393,15/04/2024
Avalon,Toyota,TIU-002,Crimson,1995,16502,true,diesel,37.05,19864774,16/11/2023
A6,Audi,YXD-210,Pink,1996,67552,true,hybrid,28.09,8744434,24/02/2024
Discovery,Land Rover,YQA-369,Orange,1998,70418,false,electric,32.78,24473854,26/07/2024
M,Infiniti,RFW-017,Green,2007,51386,true,gasoline,30.13,27072698,08/11/2024
Continental,Lincoln,VBQ-148,Crimson,1998,9644,false,diesel,35.12,24428238,26/02/2024
CTS-V,Cadillac,WKV-817,Teal,2010,82739,true,hybrid,41.03,19076881,04/04/2024
Impala,Chevrolet,OEO-375,Khaki,1995,30384,true,electric,40.76,13124672,05/03/2024
Millenia,Mazda,BKC-522,Indigo,2001,17202,true,gasoline,26.99,21850221,05/12/2023
LeMans,Pontiac,SSH-709,Orange,1966,11412,false,diesel,37.74,14342624,07/10/2024
Sonoma,GMC,HZJ-692,Khaki,1992,6312,false,hybrid,14.27,20372549,19/09/2024
Caprice Classic,Chevrolet,ZJT-587,Fuscia,1993,87040,false,electric,21.40,28702700,22/05/2024
Grand Prix,Pontiac,IKZ-783,Turquoise,2003,67212,false,gasoline,15.01,28212993,26/04/2024
Neon,Plymouth,JSH-977,Blue,2000,22247,true,diesel,48.18,24833493,03/08/2024
Mighty Max Macro,Mitsubishi,CNB-517,Orange,1992,45449,false,hybrid,16.83,25172063,11/12/2024
650,BMW,QYD-382,Goldenrod,2006,46585,false,electric,35.05,10582649,26/01/2024
7 Series,BMW,TIH-447,Crimson,2010,58678,true,gasoline,10.20,11347447,20/08/2024
Passat,Volkswagen,ZLP-357,Fuscia,2004,83212,false,diesel,18.86,18938727,09/04/2024
Rondo,Kia,PQD-802,Indigo,2009,41718,true,hybrid,13.69,22695050,01/06/2024
Continental,Lincoln,VYV-887,Turquoise,1991,52669,false,electric,38.61,13805055,06/10/2024
Prizm,Chevrolet,SRI-550,Blue,2002,55159,false,gasoline,49.57,24752476,25/11/2024
Viper,Dodge,UKO-548,Red,1994,42487,false,diesel,26.57,26233481,25/07/2024
1500,Chevrolet,PSY-911,Fuscia,1998,83866,true,hybrid,17.29,10467378,31/07/2024
S8,Audi,CTY-364,Teal,2001,35067,false,electric,11.47,8961946,29/03/2024
DB9,Aston Martin,CQM-138,Pink,2010,95611,true,gasoline,44.85,17050795,01/09/2024
Avalanche 1500,Chevrolet,RWQ-093,Fuscia,2003,91368,false,diesel,24.30,28999759,09/03/2024
500SEL,Mercedes-Benz,YKI-395,Indigo,1992,28378,true,hybrid,18.83,7484491,30/03/2024
Outback Sport,Subaru,ITA-772,Puce,2002,9709,true,electric,27.61,13433834,28/12/2023
T100,Toyota,BBD-229,Red,1994,89857,true,gasoline,36.84,26819548,15/11/2023
Camry,Toyota,TJI-247,Turquoise,2001,51093,false,diesel,35.01,20045766,17/02/2024
Continental,Lincoln,HWB-334,Crimson,1984,14605,false,hybrid,14.70,22793703,21/08/2024
LTD Crown Victoria,Ford,OJV-710,Goldenrod,1991,33565,false,electric,14.21,27890839,09/02/2024
XC70,Volvo,CCN-429,Orange,2007,34066,true,gasoline,35.72,17147961,09/01/2024
Dakota,Dodge,VSF-551,Khaki,2004,80486,true,diesel,27.86,7883751,04/04/2024
Silverado 2500,Chevrolet,KOS-588,Pink,2003,44711,true,hybrid,33.40,8250678,26/11/2024
Versa,Nissan,TZS-962,Goldenrod,2010,68659,false,electric,26.04,17674599,20/01/2024
DTS,Cadillac,PFU-400,Green,2010,23928,true,gasoline,28.78,11847158,04/12/2023
Prizm,Chevrolet,PLS-281,Blue,1998,53396,false,diesel,27.07,28489884,21/12/2023
Bonneville,Pontiac,NLE-417,Pink,1984,43352,true,hybrid,34.24,15491297,21/12/2024
1500,GMC,KCU-808,Khaki,1995,40262,false,electric,18.19,9035829,26/06/2024
F350,Ford,CSV-195,Aquamarine,1994,5811,true,gasoline,14.98,26027154,12/11/2024
5 Series,BMW,AGX-696,Blue,2000,43944,false,diesel,49.55,12863726,16/12/2024
Truck,Mitsubishi,NNH-465,Red,1986,90683,false,hybrid,44.08,16294718,05/12/2024
Swift,Suzuki,QFR-450,Red,1989,67306,true,electric,16.77,10479013,06/09/2024
Cavalier,Chevrolet,DGZ-796,Khaki,2001,52844,false,gasoline,11.45,15526245,20/04/2024
Baja,Subaru,WOI-188,Indigo,2006,81785,true,diesel,21.67,18854412,06/04/2024
H3,Hummer,HTC-541,Fuscia,2006,40266,false,hybrid,32.21,18091511,12/07/2024
Tribute,Mazda,ZSO-915,Goldenrod,2002,67246,true,electric,17.18,22390435,19/09/2024
Intrepid,Dodge,LSC-804,Violet,2001,26191,true,gasoline,25.64,18105270,16/03/2024
LTD Crown Victoria,Ford,MCF-874,Indigo,1984,6943,false,diesel,47.38,9583049,22/03/2024
MX-5,Mazda,RFI-524,Crimson,1998,27688,false,hybrid,12.14,7127149,10/04/2024
Liberty,Jeep,BQT-169,Goldenrod,2006,14482,true,electric,37.09,13286502,22/04/2024
Achieva,Oldsmobile,CDH-344,Pink,1994,12953,true,gasoline,45.07,10971633,28/02/2024
944,Porsche,SHB-212,Aquamarine,1988,9683,true,diesel,16.78,20983704,23/12/2023
3500 Club Coupe,GMC,SFY-165,Orange,1992,66279,true,hybrid,23.65,11555901,17/11/2023
Galant,Mitsubishi,VPB-042,Aquamarine,2011,7351,false,electric,41.79,28460779,20/08/2024
Fillmore,Fillmore,DVE-032,Pink,1960,86729,false,gasoline,29.51,29877831,07/04/2024
Aveo,Chevrolet,APD-047,Orange,2005,66907,true,diesel,32.75,28658780,12/01/2025
Express 3500,Chevrolet,YOR-767,Orange,2012,95950,true,hybrid,34.25,29358094,18/11/2024
X5,BMW,CAW-434,Maroon,2008,44338,true,electric,26.69,20473892,31/12/2024
New Beetle,Volkswagen,PVU-786,Goldenrod,2006,9819,true,gasoline,22.97,25190178,24/10/2024
LTD Crown Victoria,Ford,PZA-399,Indigo,1984,82386,true,diesel,18.71,22620043,18/06/2024
GX,Lexus,FNO-579,Violet,2010,94759,false,hybrid,26.68,19346802,18/05/2024
Voyager,Plymouth,OEK-064,Green,1995,29408,true,electric,40.23,28269318,03/12/2023
Focus,Ford,XGW-376,Teal,2005,77470,false,gasoline,18.97,22498986,27/01/2024
Bronco,Ford,VDG-170,Blue,1986,9197,true,diesel,28.82,25626367,19/11/2024
Cougar,Mercury,PUK-505,Pink,1987,41209,false,hybrid,39.46,24580693,07/02/2024
SX4,Suzuki,NIY-599,Yellow,2012,56352,false,electric,34.79,19347165,07/01/2024
Corvette,Chevrolet,JTL-551,Yellow,1984,27490,false,gasoline,26.72,10272114,30/01/2024
Ram 1500,Dodge,ZXG-860,Blue,1994,55750,true,diesel,28.32,15200259,27/12/2023
Ram 3500,Dodge,PDO-454,Puce,2000,6338,false,hybrid,44.45,20369404,24/11/2024
I,Infiniti,FKW-738,Indigo,1998,70339,true,electric,35.35,29263823,24/08/2024
RX-8,Mazda,WIL-302,Orange,2005,59531,false,gasoline,27.87,10195955,12/04/2024
6000,Pontiac,PQK-781,Green,1988,69382,false,diesel,48.66,14777849,06/06/2024
M5,BMW,QQF-804,Indigo,2009,58143,true,hybrid,25.96,14475219,06/10/2024
G-Series 2500,Chevrolet,CLJ-585,Red,1998,26000,true,electric,39.41,22829490,08/04/2024
Caravan,Dodge,IZJ-776,Pink,2002,51533,false,gasoline,18.74,23403898,20/01/2024
Astra,Saturn,VQG-458,Violet,2008,68776,true,diesel,13.18,23429348,25/05/2024
Precis,Mitsubishi,RXP-812,Orange,1986,7380,false,hybrid,12.40,26136138,07/02/2024
Navigator,Lincoln,FCB-967,Purple,2000,76569,false,electric,45.42,8199919,02/02/2024
Ranger,Ford,XJJ-053,Violet,1999,94299,true,gasoline,47.37,27271940,30/11/2024
Savana 2500,GMC,FBN-684,Purple,2006,69442,true,diesel,16.71,18156269,22/07/2024
Reatta,Buick,YZI-131,Goldenrod,1990,42504,true,hybrid,24.31,13128589,31/12/2023
90,Audi,MCE-324,Mauv,1993,96619,true,electric,29.71,7430826,01/12/2023
Torrent,Pontiac,XDE-648,Indigo,2006,26319,false,gasoline,40.08,11942830,20/08/2024
Frontier,Nissan,KTG-891,Khaki,2007,82561,false,diesel,49.58,24995662,17/03/2024
Continental GT,Bentley,OGH-119,Yellow,2012,99994,false,hybrid,28.68,18468449,18/06/2024
V70,Volvo,IGZ-737,Yellow,2009,27955,false,electric,45.52,8112285,13/12/2023
Daytona,Dodge,FBO-455,Teal,1993,28067,false,gasoline,38.06,8497057,27/01/2024
Elantra,Hyundai,OBN-270,Purple,2008,47012,false,diesel,37.98,9809768,21/11/2023
Esteem,Suzuki,RJT-265,Green,2001,42459,true,hybrid,19.78,27361544,06/11/2024
Celica,Toyota,CKR-301,Purple,1993,88483,false,electric,11.31,16655570,14/09/2024
Navigator,Lincoln,PVL-151,Teal,2012,38189,false,gasoline,30.98,14671937,24/07/2024
Highlander,Toyota,UZV-685,Puce,2003,43795,false,diesel,31.56,11046382,23/12/2023
928,Porsche,MUO-439,Red,1988,65905,true,hybrid,40.47,7377318,11/07/2024
Trooper,Isuzu,TVW-791,Blue,1993,56102,false,electric,35.70,11640730,31/10/2024
Fiero,Pontiac,APH-510,Maroon,1984,72068,false,gasoline,35.53,12116172,09/02/2024
Fleetwood,Cadillac,JBQ-441,Red,1954,3143,false,diesel,49.25,28699251,18/08/2024
rio,Volkswagen,HJH-923,Yellow,2000,47359,false,hybrid,29.11,28538911,23/12/2023
Sable,Mercury,TEY-863,Violet,1991,58928,true,electric,47.20,11706716,11/12/2024
G3,Pontiac,PTF-441,Yellow,2009,83397,false,gasoline,31.98,29911601,17/01/2024
Altima,Nissan,CFP-841,Orange,2008,60394,false,diesel,30.88,9506303,24/05/2024
Pajero,Mitsubishi,CAO-938,Pink,2006,72846,false,hybrid,32.71,10706120,01/07/2024
Suburban 1500,Chevrolet,ACH-904,Blue,1997,27375,false,electric,23.61,22017586,18/10/2024
Durango,Dodge,GHE-186,Fuscia,1998,36020,false,gasoline,13.95,25278784,15/07/2024
G,Infiniti,LXI-140,Purple,2011,39538,false,diesel,38.78,26783530,26/03/2024
Savana 3500,GMC,NEF-525,Orange,2001,39325,true,hybrid,31.23,22670605,23/10/2024
B-Series Plus,Mazda,YZB-655,Orange,1993,97741,true,electric,48.89,14304951,06/12/2023
Ion,Saturn,WZQ-541,Yellow,2005,25405,false,gasoline,22.97,20122406,26/11/2024
F430,Ferrari,WHD-310,Blue,2008,79798,false,diesel,10.04,27884866,03/03/2024
Forester,Subaru,AWX-935,Goldenrod,2007,5378,true,hybrid,35.07,15762701,20/11/2024
Venture,Chevrolet,HFM-644,Fuscia,2005,79909,false,electric,22.20,8174233,18/05/2024
S10,Chevrolet,DKE-512,Turquoise,1993,68884,true,gasoline,37.83,21235627,21/05/2024
Park Avenue,Buick,VTV-898,Blue,2003,1600,true,diesel,22.56,18099983,15/02/2024
Mustang,Ford,EIW-261,Indigo,1990,25335,false,hybrid,17.82,15169199,19/07/2024
Diamante,Mitsubishi,SFE-157,Maroon,2004,38755,false,electric,12.54,27593831,19/06/2024
Silverado 2500,Chevrolet,PIG-704,Goldenrod,2000,18694,false,gasoline,25.88,21737814,04/05/2024
Coupe,Maserati,ITR-749,Teal,2006,45860,true,diesel,12.74,28592455,19/11/2023
Enclave,Buick,MUQ-700,Fuscia,2011,12522,false,hybrid,13.99,26289224,05/01/2025
Avalon,Toyota,XEF-535,Orange,1997,26209,true,electric,39.02,10956998,28/05/2024
Maxima,Nissan,IRH-405,Aquamarine,1994,58067,true,gasoline,47.83,7217151,26/04/2024
LeSabre,Buick,NPY-854,Maroon,1987,87622,true,diesel,38.96,11691917,12/07/2024
Tribute,Mazda,KXK-601,Orange,2002,66045,false,hybrid,27.04,29692135,31/05/2024
Crown Victoria,Ford,BTD-327,Violet,2006,13690,false,electric,38.38,25996523,06/04/2024
Beretta,Chevrolet,QCH-627,Red,1994,7723,false,gasoline,16.05,27541564,16/04/2024
LTD Crown Victoria,Ford,ASW-838,Purple,1991,85391,true,diesel,34.75,26451462,22/11/2024
Avenger,Dodge,VYM-419,Turquoise,2000,54955,true,hybrid,26.76,24561796,10/09/2024
Aspen,Chrysler,NXL-804,Purple,2008,40207,false,electric,24.83,25964733,12/10/2024
Silhouette,Oldsmobile,MUN-357,Turquoise,2002,58059,true,gasoline,23.15,13020186,23/11/2024
GTI,Volkswagen,TVD-412,Orange,2007,3604,true,diesel,32.23,16441465,12/12/2024
Sierra 2500,GMC,WOI-130,Goldenrod,2001,65249,true,hybrid,45.54,16378442,08/07/2024
9-5,Saab,VDR-237,Green,2004,44627,false,electric,45.81,23042599,20/08/2024
Sunbird,Pontiac,SMX-000,Pink,1986,44019,false,gasoline,41.39,28825350,28/06/2024
Avenger,Dodge,QAJ-864,Aquamarine,1995,44540,true,diesel,48.06,26240937,12/10/2024
Durango,Dodge,LVS-300,Yellow,1998,13195,true,hybrid,14.50,26917263,07/09/2024
Silverado 2500,Chevrolet,NLM-091,Pink,2010,34664,false,electric,48.75,7833961,19/03/2024
Pathfinder,Nissan,WVG-173,Mauv,1995,3887,true,gasoline,22.98,18554865,08/06/2024
Mazda3,Mazda,KGR-546,Green,2005,94039,true,diesel,42.41,29445185,04/08/2024
Sierra 1500,GMC,MWX-864,Indigo,2006,23912,true,hybrid,41.33,13531367,11/09/2024
968,Porsche,TXJ-402,Pink,1993,39670,true,electric,19.42,14531033,09/12/2023
Rio,Kia,FSV-880,Purple,2011,55141,true,gasoline,31.64,8449003,11/08/2024
Camaro,Chevrolet,DHU-895,Turquoise,1985,70012,true,diesel,11.95,10013185,08/02/2024
A6,Audi,KVL-395,Yellow,2009,5867,true,hybrid,21.58,18916054,29/08/2024
Vega,Chevrolet,OJQ-295,Orange,1971,51694,false,electric,14.53,23009937,22/01/2024
Tiburon,Hyundai,UEE-694,Crimson,2006,39424,false,gasoline,47.31,23058839,29/08/2024
V8,Audi,QLD-407,Green,1992,98327,false,diesel,30.47,19443850,06/12/2024
Q7,Audi,BCZ-923,Yellow,2012,32729,true,hybrid,33.52,15112018,31/05/2024
R8,Audi,ITF-702,Aquamarine,2011,98584,false,electric,20.06,18634663,22/11/2023
S-Class,Mercedes-Benz,NXT-150,Pink,2012,54746,false,gasoline,16.28,11926689,15/11/2023
Corvette,Chevrolet,PKN-887,Teal,2001,97286,false,diesel,22.65,17904351,21/12/2024
3500,Ram,EKF-434,Turquoise,2012,43335,true,hybrid,24.45,21078201,22/12/2023
Town & Country,Chrysler,VIM-495,Puce,1997,96770,false,electric,19.09,9954093,03/03/2024
Grand Prix,Pontiac,SAF-329,Fuscia,2008,63215,true,gasoline,21.33,19268112,12/05/2024
3 Series,BMW,QEQ-769,Crimson,1998,96124,false,diesel,11.77,29811561,26/11/2024
Corvette,Chevrolet,KVO-529,Green,1953,79468,true,hybrid,13.94,21523219,21/04/2024
57,Maybach,YGV-300,Teal,2007,25733,true,electric,16.14,17584666,06/12/2024
3500,Ram,UOR-371,Green,2011,21625,true,gasoline,48.42,27332685,19/01/2024
B-Series Plus,Mazda,SPJ-890,Violet,1999,13376,true,diesel,45.37,10992545,21/01/2024
Canyon,GMC,GWA-772,Fuscia,2005,13168,false,hybrid,17.79,18334944,25/08/2024
rio,Volkswagen,IYE-651,Mauv,2001,54780,false,electric,23.35,19291785,15/01/2024
R8,Audi,ZQM-904,Pink,2008,78066,true,gasoline,12.71,14391153,27/04/2024
LSS,Oldsmobile,JOA-531,Violet,1998,41092,false,diesel,31.55,26683212,26/12/2024
XG350,Hyundai,WWN-760,Crimson,2003,62379,false,hybrid,17.93,14840456,27/12/2023
Villager,Mercury,OHJ-590,Green,2001,77824,true,electric,47.31,22131843,07/11/2024
Montana,Pontiac,IWB-552,Indigo,2004,12483,false,gasoline,47.11,8734761,07/08/2024
Firefly,Pontiac,POI-963,Indigo,1995,24833,false,diesel,38.62,21260420,26/07/2024
G5,Pontiac,WNI-397,Maroon,2009,48721,false,hybrid,12.51,21185836,10/09/2024
9-5,Saab,GZK-612,Crimson,1999,4942,false,electric,20.04,10955554,21/05/2024
Equinox,Chevrolet,FUE-416,Blue,2009,7583,true,gasoline,13.82,22844809,24/04/2024
Daewoo Kalos,Pontiac,NYF-806,Red,2006,15667,true,diesel,48.63,26126078,16/12/2023
Park Avenue,Buick,TYX-521,Blue,1995,58548,true,hybrid,32.22,21486298,25/11/2023
Colorado,Chevrolet,XZZ-956,Yellow,2009,61254,true,electric,39.68,9267725,16/12/2024
Jimmy,GMC,NIV-781,Aquamarine,1993,82717,false,gasoline,20.11,10781755,30/09/2024
Fusion,Ford,SQI-153,Goldenrod,2009,48678,true,diesel,36.48,14928902,03/05/2024
Lumina,Chevrolet,EYY-426,Crimson,1992,23592,true,hybrid,27.79,18821297,29/08/2024
Suburban 1500,Chevrolet,SQP-343,Indigo,2008,93606,true,electric,18.62,11301613,11/08/2024
Land Cruiser,Toyota,RZW-294,Green,2004,76306,true,gasoline,40.80,7086241,18/12/2024
Colt,Plymouth,EXD-163,Khaki,1993,86368,true,diesel,25.84,18741328,19/12/2023
Blazer,Chevrolet,ZUH-887,Indigo,1998,52344,false,hybrid,39.72,18057813,10/09/2024
F250,Ford,XOF-114,Purple,2000,40782,true,electric,13.38,19316703,08/11/2024
Vantage,Aston Martin,UIM-012,Orange,2010,36581,true,gasoline,33.95,8973782,28/01/2024
Sierra,GMC,MFO-449,Green,2009,4527,false,diesel,49.21,9488965,30/06/2024
Discovery Series II,Land Rover,RYE-101,Orange,2000,10582,true,hybrid,28.16,25623291,02/04/2024
Range Rover Sport,Land Rover,DYH-440,Fuscia,2009,37899,false,electric,25.75,10415910,09/12/2024
Miata MX-5,Mazda,SBJ-465,Crimson,2007,45734,true,gasoline,31.63,23239106,23/05/2024
Cabriolet,Audi,KJO-223,Maroon,1996,45188,true,diesel,32.27,15751346,08/07/2024
Forester,Subaru,RXP-402,Aquamarine,2012,36045,false,hybrid,27.51,8747514,25/12/2023
Corsica,Chevrolet,SZR-899,Aquamarine,1992,58065,true,electric,12.51,21716080,17/08/2024
Jetta,Volkswagen,DUN-806,Mauv,2003,16614,false,gasoline,22.90,14275922,15/10/2024
Vandura G3500,GMC,UHG-551,Purple,1996,24147,false,diesel,41.38,12840964,20/01/2024
1500,Chevrolet,HIV-451,Red,1993,77479,false,hybrid,48.46,25846187,22/09/2024
Ram Wagon B150,Dodge,KYL-320,Yellow,1992,68006,false,electric,45.53,8733475,17/12/2023
1500,GMC,VJH-930,Blue,1996,93431,true,gasoline,40.42,29851611,05/07/2024
Yukon,GMC,QEE-067,Maroon,2008,72498,false,diesel,23.72,14513390,01/11/2024
Yaris,Toyota,JCS-523,Aquamarine,2007,38832,true,hybrid,12.19,29598202,14/12/2024
Eclipse,Mitsubishi,GDS-665,Teal,2012,96107,true,electric,24.71,22118379,03/12/2023
G3,Pontiac,ANA-793,Blue,2009,73054,true,gasoline,22.51,12101886,15/11/2024
Riviera,Buick,TTN-791,Pink,1989,83511,false,diesel,12.47,12669038,12/03/2024
GS,Lexus,PTJ-971,Blue,2010,68306,false,hybrid,21.78,28177288,24/01/2024
GX,Lexus,GPQ-033,Fuscia,2005,26949,true,electric,23.72,27821293,03/01/2024
Pajero,Mitsubishi,JMB-538,Green,1998,16673,true,gasoline,49.68,9886938,09/10/2024
S40,Volvo,UFN-459,Purple,2009,98725,true,diesel,31.20,28065646,03/12/2023
Mirage,Mitsubishi,DSD-779,Khaki,1987,51101,true,hybrid,20.25,26615309,28/06/2024
Santa Fe,Hyundai,PAR-748,Green,2002,7407,false,electric,26.00,23778498,23/05/2024
M-Class,Mercedes-Benz,VDS-250,Purple,2012,88696,true,gasoline,37.54,19188689,11/11/2024
Sportage,Kia,JHE-506,Aquamarine,1995,60766,false,diesel,44.17,27298788,25/11/2024
9-7X,Saab,VXC-712,Maroon,2008,83570,true,hybrid,26.50,27600838,04/01/2024
Silverado 2500,Chevrolet,BDO-572,Indigo,2012,47470,true,electric,33.19,9344933,04/08/2024
Tacoma,Toyota,UQQ-411,Khaki,2002,95520,true,gasoline,10.32,29412830,25/09/2024
525,BMW,GHP-108,Orange,2003,32675,true,diesel,33.15,25226147,27/02/2024
Axiom,Isuzu,QNE-555,Orange,2002,77982,true,hybrid,34.76,13559399,07/04/2024
Impreza,Subaru,IFK-109,Red,2012,89651,false,electric,22.93,27574891,07/11/2024
Ram 2500,Dodge,GLS-396,Puce,2003,70437,false,gasoline,37.73,7997024,20/11/2023
Element,Honda,QQZ-349,Puce,2006,32519,false,diesel,42.02,24964213,04/06/2024
Taurus,Ford,YQT-341,Green,2007,31394,true,hybrid,31.69,24691119,05/01/2024
Ram 2500,Dodge,DGC-794,Orange,2006,2168,false,electric,30.21,9074966,08/09/2024
TSX,Acura,JAK-674,Purple,2006,30776,true,gasoline,31.63,14348187,30/11/2023
Grand Prix,Pontiac,YXL-212,Turquoise,1970,84149,false,diesel,36.61,25366815,10/12/2023
850,Volvo,XKB-285,Teal,1994,55066,true,hybrid,31.04,19106036,16/02/2024
Somerset,Buick,HSZ-250,Puce,1986,81734,false,electric,46.51,16791908,18/05/2024
Sable,Mercury,ARQ-629,Goldenrod,1992,76789,false,gasoline,28.12,7137268,12/03/2024
Continental,Lincoln,ABB-443,Maroon,1988,69647,false,diesel,21.51,16671095,03/07/2024
M,Infiniti,GOM-374,Purple,2011,31234,true,hybrid,26.46,20988251,06/01/2024
C70,Volvo,LCS-831,Maroon,2001,42269,true,electric,47.20,24630107,24/04/2024
FX,Infiniti,QQR-656,Crimson,2006,83377,false,gasoline,49.24,25807326,06/03/2024
Prius,Toyota,NHE-902,Maroon,2010,61483,false,diesel,27.41,19634774,13/01/2024
E-Class,Mercedes-Benz,PNC-046,Purple,2009,74389,true,hybrid,49.73,22353267,08/04/2024
3500 Club Coupe,GMC,DCI-316,Blue,1998,96179,true,electric,27.96,24007462,19/11/2023
Caravan,Dodge,KGP-875,Green,2005,48668,false,gasoline,30.14,23964813,03/03/2024
Ridgeline,Honda,UZL-506,Blue,2010,95161,false,diesel,11.23,21116549,26/05/2024
LeMans,Pontiac,CIC-028,Goldenrod,1991,7829,true,hybrid,43.66,12270247,16/08/2024
Virage,Aston Martin,DFB-966,Yellow,2012,86525,false,electric,15.36,16849627,08/03/2024
Mazdaspeed 3,Mazda,OWE-339,Mauv,2012,33420,true,gasoline,16.17,12481752,14/03/2024
Caravan,Dodge,ZRL-290,Goldenrod,1998,81374,true,diesel,19.98,23209157,18/01/2024
Sunfire,Pontiac,KTB-333,Khaki,1998,63722,false,hybrid,12.75,19189410,08/07/2024
Rio,Kia,ZTG-807,Purple,2011,75761,false,electric,47.69,21655289,07/04/2024
F350,Ford,WAG-876,Aquamarine,2006,55100,true,gasoline,19.62,23879599,04/03/2024
Spyder,Maserati,XTL-717,Aquamarine,2003,86370,false,diesel,18.40,11505519,27/11/2023
5 Series,BMW,KHL-841,Goldenrod,1999,96855,false,hybrid,21.35,16137864,29/07/2024
Vitara,Suzuki,GHY-683,Maroon,1999,84423,false,electric,24.53,22293239,05/01/2025
Ram Van 2500,Dodge,WZF-580,Fuscia,1998,29558,true,gasoline,11.33,25769054,03/12/2024
Legend,Acura,UUW-152,Indigo,1995,75714,false,diesel,20.96,10387851,28/03/2024
Golf,Volkswagen,LKT-443,Pink,1992,59309,true,hybrid,12.22,25810996,17/10/2024
Vision,Eagle,TJF-605,Purple,1996,43932,true,electric,48.51,10627616,10/02/2024
Cooper Clubman,MINI,UEY-533,Blue,2011,10866,false,gasoline,23.69,26260902,21/04/2024
Dakota,Dodge,CPI-447,Crimson,1999,18933,false,diesel,21.36,26336479,26/11/2023
Pilot,Honda,FZZ-868,Khaki,2006,18737,false,hybrid,32.36,12259275,09/06/2024
Cirrus,Chrysler,LFS-973,Maroon,1998,35881,false,electric,35.51,19566515,23/02/2024
Integra,Acura,BTF-846,Crimson,1988,80277,false,gasoline,42.16,17984840,13/07/2024
Concorde,Chrysler,QOC-081,Purple,1994,12899,false,diesel,23.88,27123489,04/09/2024
Frontier,Nissan,RKU-431,Purple,2005,66703,false,hybrid,12.71,14911420,24/12/2024
Phantom,Rolls-Royce,HKL-906,Fuscia,2010,90847,false,electric,11.48,15714388,13/08/2024
Cayman,Porsche,PCO-022,Red,2012,30561,false,gasoline,17.18,20288863,22/04/2024
Voyager,Plymouth,PFH-843,Mauv,1996,98401,false,diesel,17.52,21414059,02/11/2024
XT,Subaru,DQF-323,Teal,1986,48624,false,hybrid,26.73,12529870,23/01/2024
Celica,Toyota,DDO-847,Blue,2001,78528,false,electric,40.19,29666774,20/11/2023
A8,Audi,MZE-412,Indigo,2007,90677,true,gasoline,26.71,16196494,17/08/2024
Type 2,Volkswagen,BWU-823,Violet,1986,92668,false,diesel,10.70,17705653,03/11/2024
Celica,Toyota,QKA-160,Indigo,2002,98826,true,hybrid,40.19,16577194,05/04/2024
Corvette,Chevrolet,UUF-355,Goldenrod,1975,91834,true,electric,49.14,8660684,16/07/2024
Explorer Sport Trac,Ford,HOK-359,Fuscia,2002,21721,false,gasoline,44.54,17424317,19/05/2024
Biturbo,Maserati,DOQ-172,Orange,1987,39372,false,diesel,45.97,28249340,19/08/2024
Amanti,Kia,VRQ-468,Fuscia,2006,89561,true,hybrid,25.17,22294632,01/01/2025
914,Porsche,HQF-085,Green,1970,54344,false,electric,20.47,20653478,01/01/2025
LS,Lexus,IGR-582,Crimson,1996,23097,false,gasoline,39.05,14565084,28/11/2023
Explorer,Ford,NTC-047,Maroon,1993,28869,true,diesel,13.94,24553353,22/05/2024
MKX,Lincoln,XXX-920,Indigo,2011,87744,true,hybrid,29.54,23250490,02/03/2024
Sebring,Chrysler,XCO-168,Orange,2005,55476,false,electric,12.52,7199204,02/12/2023
Regal,Buick,YUA-230,Mauv,2003,27489,false,gasoline,21.71,12417451,22/10/2024
Impala,Chevrolet,FAW-564,Orange,2007,65429,true,diesel,32.71,14877323,10/01/2024
Pathfinder,Nissan,SVE-986,Yellow,2011,81854,true,hybrid,49.38,8853381,29/12/2024
Escalade EXT,Cadillac,YML-149,Turquoise,2008,12632,false,electric,12.29,11008626,06/03/2024
Reatta,Buick,VLT-381,Puce,1991,38173,true,gasoline,43.20,23136687,07/07/2024
900,Saab,XIZ-050,Yellow,1988,71528,false,diesel,25.63,26331441,20/11/2023
Viper RT/10,Dodge,NNC-790,Yellow,1993,26505,true,hybrid,39.01,13653013,21/07/2024
B-Series,Mazda,YCF-014,Pink,1991,83968,true,electric,18.68,27133225,18/10/2024
Jetta,Volkswagen,GOZ-086,Violet,1993,85279,true,gasoline,19.25,15871154,17/07/2024
A8,Audi,KBJ-359,Indigo,2006,10756,false,diesel,46.31,26711854,02/05/2024
Town & Country,Chrysler,MAF-747,Khaki,2000,6933,false,hybrid,20.10,8540079,03/01/2024
LFA,Lexus,GRM-314,Crimson,2012,5818,true,electric,10.34,14316735,25/10/2024
Fox,Volkswagen,MCJ-062,Violet,1988,54970,true,gasoline,31.70,11421435,18/12/2023
Corvette,Chevrolet,XEH-183,Puce,2005,63262,true,diesel,46.00,29586994,13/07/2024
Navigator,Lincoln,MOU-592,Mauv,2005,60552,true,hybrid,15.86,9912093,20/05/2024
Sienna,Toyota,KIK-377,Blue,2004,66178,true,electric,39.71,19546763,20/04/2024
Grand Marquis,Mercury,UFG-516,Aquamarine,1993,83812,false,gasoline,33.28,28910688,19/02/2024
Mazdaspeed 3,Mazda,DCY-141,Maroon,2010,48575,true,diesel,23.38,23845877,25/06/2024
90,Audi,XFB-383,Puce,1991,66727,false,hybrid,15.63,29435371,25/11/2024
Jetta,Volkswagen,LOT-122,Indigo,2004,30957,true,electric,34.57,12439179,29/10/2024
Grand Caravan,Dodge,NJG-319,Orange,2009,66329,false,gasoline,15.30,9215159,23/05/2024
Focus,Ford,IMO-872,Violet,2002,33694,false,diesel,37.61,18641497,06/09/2024
Impreza,Subaru,EYG-355,Mauv,2011,42265,true,hybrid,24.54,26094777,27/07/2024
Civic,Honda,SBR-242,Mauv,2005,71352,false,electric,46.51,15012768,22/07/2024
Pilot,Honda,NLB-507,Crimson,2011,52999,true,gasoline,18.36,8664775,11/07/2024
F350,Ford,ESE-884,Violet,1993,98882,false,diesel,18.80,17665853,06/01/2025
Challenger,Dodge,MNM-268,Red,2010,62659,false,hybrid,40.83,12451607,17/02/2024
928,Porsche,FWN-639,Teal,1989,26072,true,electric,27.86,27298656,18/02/2024
929,Mazda,MXP-713,Puce,1989,61049,false,gasoline,30.01,26323142,26/06/2024
Escalade ESV,Cadillac,XMO-479,Red,2003,44937,false,diesel,43.85,10651183,04/02/2024
LS,Lexus,CLJ-114,Maroon,2009,86594,true,hybrid,46.21,21725232,25/06/2024
Crown Victoria,Ford,LBQ-658,Indigo,2004,51209,false,electric,36.89,27549493,23/11/2024
Xtra,Toyota,GLW-376,Goldenrod,1992,87774,false,gasoline,45.35,19237031,03/01/2025
i-Series,Isuzu,SBL-677,Puce,2008,29424,true,diesel,38.18,29476115,14/08/2024
SM,Citroën,YJF-039,Violet,1972,53003,false,hybrid,33.44,11054555,11/12/2024
Tribute,Mazda,XJK-643,Crimson,2004,75097,false,electric,39.18,13790344,14/08/2024
929,Mazda,HXP-152,Khaki,1990,21769,false,gasoline,40.65,13302670,30/06/2024
Boxster,Porsche,NBZ-115,Purple,1997,15031,false,diesel,18.77,12505841,22/06/2024
Discovery,Land Rover,FDN-354,Green,1999,91363,true,hybrid,19.54,11707282,30/11/2024
Freestar,Ford,UDL-924,Pink,2007,74042,false,electric,40.75,22528290,17/12/2024
Concorde,Chrysler,BZD-213,Blue,1994,14183,false,gasoline,48.18,25791370,03/10/2024
Countryman,MINI,TWX-422,Orange,2011,65777,false,diesel,13.14,12188619,31/01/2024
Land Cruiser,Toyota,VLA-694,Turquoise,1992,57255,false,hybrid,27.05,11139145,06/11/2024
M,Infiniti,GMF-753,Mauv,2012,25273,true,electric,30.41,21119158,08/02/2024
I,Infiniti,PPQ-692,Goldenrod,2004,59602,false,gasoline,40.33,7320074,27/05/2024
G-Series G30,Chevrolet,RHL-957,Puce,1992,98434,false,diesel,35.81,25237046,27/12/2024
Sierra 3500,GMC,TZD-077,Fuscia,2000,31456,false,hybrid,42.72,23487580,14/03/2024
Tracer,Mercury,BGV-742,Indigo,1992,37257,true,electric,21.11,17911781,06/12/2023
RX-8,Mazda,FBO-026,Maroon,2009,40095,false,gasoline,22.74,20835019,13/02/2024
VehiCROSS,Isuzu,CQT-833,Crimson,1999,33613,false,diesel,14.88,14675706,27/02/2024
Cutlass,Oldsmobile,GYC-001,Goldenrod,1998,1569,true,hybrid,36.53,15523598,28/03/2024
Corvette,Chevrolet,MNA-452,Indigo,1963,71105,false,electric,35.85,25367628,01/11/2024
Esprit,Lotus,IDA-339,Maroon,1992,69584,false,gasoline,17.00,15552427,02/12/2024
Electra,Buick,BYC-441,Puce,1989,87387,true,diesel,38.41,23012492,04/05/2024
Passat,Volkswagen,ECE-494,Yellow,2003,40778,false,hybrid,41.65,10236079,03/08/2024
Galant,Mitsubishi,DBY-448,Blue,2003,63369,true,electric,15.91,23228744,05/12/2023
1500,GMC,UQT-548,Aquamarine,1997,28058,true,gasoline,32.95,22806274,27/11/2023
Spyder,Maserati,MXF-359,Blue,2003,21990,false,diesel,43.05,17370423,07/01/2024
SC,Lexus,HSR-226,Puce,1993,91403,true,hybrid,46.72,29860336,10/07/2024
MDX,Acura,FFC-667,Teal,2003,53840,false,electric,40.57,9039849,13/11/2023
Canyon,GMC,DMQ-339,Khaki,2009,33411,false,gasoline,10.63,9958879,27/01/2024
Thunderbird,Ford,ZJV-338,Purple,1983,63280,false,diesel,24.04,11146035,12/12/2023
Camaro,Chevrolet,YJA-085,Mauv,1972,28433,true,hybrid,47.54,17452517,03/09/2024
Sequoia,Toyota,XTU-060,Orange,2010,49141,false,electric,28.72,21482610,10/03/2024
Lancer,Mitsubishi,HPY-791,Maroon,2008,36078,true,gasoline,10.19,26393605,24/04/2024
300ZX,Nissan,MJJ-694,Blue,1992,54292,true,diesel,38.61,24080205,25/08/2024
LS,Lexus,HXK-916,Fuscia,1990,66285,true,hybrid,39.39,11187273,19/05/2024
350Z,Nissan,WGO-736,Pink,2003,45841,true,electric,44.62,20437017,16/12/2023
Altima,Nissan,ZGE-013,Indigo,2004,86686,true,gasoline,32.18,28721844,03/07/2024
Tribeca,Subaru,EII-751,Green,2006,98507,true,diesel,27.58,29860972,15/04/2024
Camry,Toyota,WQV-721,Red,2000,92966,false,hybrid,11.08,10662930,12/11/2023
Yukon XL 1500,GMC,OJY-980,Fuscia,2011,52153,false,electric,24.14,25505580,02/04/2024
Frontier,Nissan,ZUM-861,Crimson,2010,5471,true,gasoline,15.81,25810287,15/05/2024
F150,Ford,PUK-285,Blue,2005,56982,true,diesel,30.13,25804249,24/05/2024
Diamante,Mitsubishi,HSI-656,Green,2002,17470,false,hybrid,19.29,26914640,02/04/2024
Town & Country,Chrysler,TIL-638,Green,2010,94833,false,electric,11.29,24085698,29/12/2023
Nuova 500,Fiat,UMC-494,Fuscia,2012,68153,false,gasoline,31.53,28719707,24/11/2023
Taurus,Ford,SMU-768,Blue,1997,49745,true,diesel,32.89,8313873,24/01/2024
LR4,Land Rover,MOI-259,Blue,2012,54805,true,hybrid,14.51,28907432,13/04/2024
Pathfinder,Nissan,EYY-569,Aquamarine,2003,11698,true,electric,12.44,28749493,06/12/2023
GL-Class,Mercedes-Benz,NJI-635,Khaki,2010,4055,false,gasoline,28.76,21804997,03/02/2024
B-Series,Mazda,NCP-123,Goldenrod,1988,34649,false,diesel,11.23,19751261,04/12/2023
Odyssey,Honda,IXQ-493,Mauv,2000,9954,true,hybrid,34.93,27157096,03/07/2024
300M,Chrysler,VFF-359,Mauv,2000,78988,true,electric,18.00,29491685,30/12/2024
Regal,Buick,ATF-948,Violet,1992,98970,true,gasoline,26.80,10865477,21/12/2024
Clubman,MINI,DPG-626,Red,2011,67990,true,diesel,37.01,19992503,14/01/2024
Prius,Toyota,FVZ-317,Goldenrod,2008,45486,false,hybrid,22.30,20853461,19/10/2024
Impreza,Subaru,LFJ-253,Khaki,2008,90925,false,electric,46.90,12353888,18/11/2023
LaCrosse,Buick,GSP-055,Teal,2008,45878,true,gasoline,15.54,22571220,07/09/2024
F350,Ford,FLD-598,Turquoise,2006,91376,true,diesel,14.53,19348672,17/04/2024
Durango,Dodge,XRM-757,Red,1998,53734,false,hybrid,23.09,7866366,31/12/2023
A8,Audi,XXM-311,Crimson,2004,9805,false,electric,28.58,7774555,27/12/2024
GT-R,Nissan,ODB-307,Fuscia,2011,76715,true,gasoline,39.44,27176694,24/10/2024
3000GT,Mitsubishi,HMI-172,Maroon,1998,68679,false,diesel,37.39,19387969,30/07/2024
Fillmore,Fillmore,KNQ-611,Puce,1960,31815,false,hybrid,40.38,15036032,27/11/2023
New Beetle,Volkswagen,QJV-832,Pink,2003,12225,true,electric,10.34,20700400,06/07/2024
Equinox,Chevrolet,DCK-638,Orange,2005,36526,true,gasoline,12.66,15588172,07/04/2024
Element,Honda,SHG-900,Blue,2009,89174,false,diesel,13.56,22490381,16/05/2024
M6,BMW,DYW-657,Purple,2006,18596,true,hybrid,28.77,27500348,18/07/2024
Rio,Kia,LHL-566,Puce,2013,64751,true,electric,25.74,22861507,21/02/2024
G,Infiniti,BKV-397,Pink,2007,44195,true,gasoline,25.00,23750788,24/07/2024
Stratus,Dodge,AOM-070,Teal,1999,85396,true,diesel,47.45,26276243,31/01/2024
Riviera,Buick,VQR-326,Crimson,1988,70110,false,hybrid,38.98,19408475,31/10/2024
TSX,Acura,KHA-050,Puce,2008,46345,true,electric,10.59,21947997,11/06/2024
XJ,Jaguar,CBS-453,Crimson,2012,87238,true,gasoline,23.87,23614779,04/07/2024
Cobalt,Chevrolet,CGV-574,Pink,2010,33412,false,diesel,21.03,17824818,06/11/2024
Ram Van 3500,Dodge,MYY-181,Red,1996,64131,false,hybrid,17.02,11458663,08/01/2024
E-350 Super Duty,Ford,TIP-419,Violet,2006,5560,true,electric,15.39,8928148,26/11/2024
X3,BMW,KEI-972,Goldenrod,2006,56824,true,gasoline,17.82,17380276,25/07/2024
ES,Lexus,SZI-014,Pink,2005,46502,false,diesel,19.20,18198966,31/12/2023
Vitara,Suzuki,QBQ-977,Goldenrod,2000,21133,true,hybrid,19.95,20331741,25/06/2024
Grand Am,Pontiac,BSI-506,Violet,2001,61670,true,electric,14.91,17321398,01/11/2024
Savana 2500,GMC,UDU-988,Green,2009,73240,true,gasoline,23.38,24914706,05/08/2024
Sebring,Chrysler,BNT-237,Mauv,2000,70877,false,diesel,33.29,26514719,12/04/2024
Diablo,Lamborghini,LDI-169,Maroon,1996,48543,true,hybrid,38.55,26355488,23/09/2024
Caravan,Dodge,CAF-770,Crimson,2010,56550,false,electric,47.14,7273683,19/12/2023
Savana 2500,GMC,PXB-126,Green,1998,94925,true,gasoline,32.44,8537271,14/02/2024
G-Series G20,Chevrolet,TQK-226,Goldenrod,1992,16865,false,diesel,24.78,14789709,25/03/2024
A6,Audi,JGB-022,Aquamarine,2011,66890,true,hybrid,35.31,9082524,01/04/2024
Skylark,Buick,VVF-974,Crimson,1992,79424,true,electric,20.22,13680850,06/12/2024
New Beetle,Volkswagen,UFQ-919,Puce,2008,56517,false,gasoline,37.59,13139115,31/12/2023
Corolla,Toyota,CFF-512,Indigo,2003,80905,true,diesel,39.33,29454950,24/12/2023
RAV4,Toyota,OIH-218,Indigo,2008,91764,false,hybrid,24.52,16506158,23/06/2024
Stylus,Isuzu,PXQ-999,Orange,1993,14620,true,electric,29.86,23041289,02/08/2024
Sienna,Toyota,XZV-090,Orange,2000,26390,true,gasoline,22.92,8814335,25/08/2024
Vision,Eagle,KHE-831,Violet,1994,53519,false,diesel,45.70,12832247,23/05/2024
Lynx,Mercury,DTI-723,Turquoise,1984,71317,false,hybrid,18.52,25279926,06/03/2024
Coachbuilder,Buick,WZM-540,Pink,1995,55079,false,electric,29.32,12651553,08/12/2024
Accord,Honda,ZVU-936,Orange,1987,49155,true,gasoline,35.90,15033133,01/05/2024
Xterra,Nissan,OWI-895,Blue,2005,44702,false,diesel,31.85,28956802,04/01/2025
Impreza,Subaru,HLX-720,Mauv,2009,59522,true,hybrid,43.25,7513587,03/10/2024
New Beetle,Volkswagen,IPF-230,Khaki,2012,86727,true,electric,13.11,12996967,11/04/2024
D250 Club,Dodge,VKX-609,Blue,1993,87343,true,gasoline,45.87,29691840,07/03/2024
Econoline E150,Ford,TIQ-548,Red,1993,99326,false,diesel,42.08,25142982,19/04/2024
E350,Ford,CXK-644,Puce,2010,84261,true,hybrid,49.32,12956500,03/01/2025
Tribute,Mazda,WKO-190,Crimson,2002,86828,false,electric,26.83,24590679,13/10/2024
Sonoma,GMC,PZU-082,Goldenrod,2003,29964,false,gasoline,36.74,24377285,23/08/2024
Corvette,Chevrolet,XJA-078,Khaki,1998,44202,false,diesel,27.31,9732450,20/12/2024
Capri,Mercury,BSX-219,Orange,1993,15030,true,hybrid,49.31,10447938,26/05/2024
Edge,Ford,BHI-713,Violet,2007,55029,true,electric,33.72,22661734,13/12/2024
Yukon,GMC,FDF-555,Crimson,2011,21385,true,gasoline,48.17,23131933,25/01/2024
Sprinter 2500,Mercedes-Benz,XRW-107,Fuscia,2011,99219,true,diesel,24.52,21585068,18/08/2024
B2600,Mazda,HJD-308,Pink,1989,37265,true,hybrid,11.68,14578585,17/05/2024
Aero 8,Morgan,AIE-422,Aquamarine,2007,96869,false,electric,33.77,23946133,24/09/2024
SLR McLaren,Mercedes-Benz,GKJ-166,Maroon,2009,33177,true,gasoline,32.02,15266644,26/06/2024
Cutlass Cruiser,Oldsmobile,YYI-039,Purple,1993,97088,true,diesel,26.50,10516172,02/10/2024
M-Class,Mercedes-Benz,THI-713,Green,2005,16724,false,hybrid,25.61,15976285,07/05/2024
928,Porsche,IRQ-242,Orange,1987,61599,true,electric,27.17,29364668,29/12/2024
X3,BMW,MWI-607,Blue,2010,57251,true,gasoline,10.44,13138082,31/10/2024
RX,Lexus,NZA-830,Violet,2000,34138,true,diesel,27.96,28555721,04/08/2024
350Z,Nissan,QJI-374,Teal,2007,79768,true,hybrid,10.38,16360747,24/12/2024
2500 Club Coupe,GMC,QKI-351,Goldenrod,1994,87297,true,electric,34.96,25429080,07/05/2024
3000GT,Mitsubishi,TDP-024,Maroon,1998,67503,true,gasoline,14.58,22238791,22/03/2024
1500,Chevrolet,VKQ-031,Yellow,1997,66989,false,diesel,29.73,8615625,09/05/2024
Viper,Dodge,BKA-883,Fuscia,2009,91707,true,hybrid,45.60,10314986,22/12/2023
Xtra,Toyota,LWC-532,Orange,1995,66228,true,electric,32.16,25346011,04/10/2024
Quattroporte,Maserati,XKI-142,Fuscia,1986,89900,true,gasoline,45.52,24765021,13/08/2024
Bonneville,Pontiac,DJJ-245,Green,1994,89561,false,diesel,35.93,9360035,14/06/2024
Elantra,Hyundai,ZIY-312,Aquamarine,2005,76214,false,hybrid,24.54,23283418,21/07/2024
Chariot,Mitsubishi,AHO-647,Violet,1996,31032,true,electric,41.61,14870683,31/08/2024
CR-X,Honda,YFJ-245,Green,1988,53471,true,gasoline,12.09,18107064,07/05/2024
100,Audi,RDL-213,Pink,1992,86946,false,diesel,32.98,19746180,27/01/2024
Vision,Eagle,ZFC-107,Green,1994,97640,false,hybrid,14.55,7997163,03/09/2024
Safari,GMC,KFI-482,Mauv,1998,18055,false,electric,31.83,21270049,03/08/2024
Camaro,Chevrolet,WUN-861,Red,1976,59920,false,gasoline,18.03,14503184,14/04/2024
Escalade,Cadillac,MZL-990,Fuscia,2000,6276,false,diesel,45.23,14984273,03/07/2024
Colorado,Chevrolet,VFN-204,Maroon,2010,65981,true,hybrid,15.70,13809303,08/02/2024
C30,Volvo,XLJ-384,Green,2011,24306,true,electric,47.77,25143777,16/01/2024
Quest,Nissan,GWP-015,Indigo,2009,21041,false,gasoline,38.57,11758289,28/10/2024
Outlander,Mitsubishi,ERC-611,Puce,2012,16236,true,diesel,36.95,12064167,05/08/2024
Century,Buick,LMM-837,Fuscia,1989,19019,true,hybrid,13.10,19164928,11/07/2024
Impulse,Isuzu,EMG-190,Red,1992,33936,true,electric,10.42,7570272,09/06/2024
Tiburon,Hyundai,ULS-600,Turquoise,2008,92953,false,gasoline,48.25,7821575,17/11/2024
Armada,Nissan,AVK-627,Pink,2011,45571,false,diesel,43.37,25043022,24/04/2024
1 Series,BMW,LXH-636,Indigo,2010,65199,false,hybrid,33.28,25486025,31/08/2024
Firefly,Pontiac,KBP-272,Crimson,1984,43489,false,electric,37.29,17683262,29/01/2024
DeVille,Cadillac,EOX-488,Indigo,2001,58772,true,gasoline,44.47,19923529,24/11/2024
Neon,Dodge,JHZ-432,Purple,2004,49295,true,diesel,13.56,21104821,02/08/2024
Legacy,Subaru,GVG-488,Purple,2008,41388,true,hybrid,44.02,13333754,01/04/2024
Neon,Dodge,TII-276,Pink,2000,60703,true,electric,28.41,23572873,15/12/2024
Forester,Subaru,QJK-307,Mauv,1998,87488,true,gasoline,15.72,15834926,05/12/2023
Escort,Ford,QGL-484,Pink,2000,70748,false,diesel,34.29,29899203,12/07/2024
Electra,Buick,WOO-946,Violet,1987,52258,false,hybrid,32.73,25537644,01/01/2024
Camry Solara,Toyota,PWA-050,Puce,2008,52884,true,electric,23.99,19575686,10/11/2023
del Sol,Honda,FTX-294,Goldenrod,1995,40973,false,gasoline,44.78,23068799,03/11/2024
Cooper,MINI,ULO-735,Fuscia,2009,83853,true,diesel,26.56,23734238,12/11/2023
Range Rover,Land Rover,WPP-828,Maroon,1989,75700,true,hybrid,40.99,14793554,05/11/2024
G,Infiniti,JMF-655,Teal,1992,60838,true,electric,26.58,14144961,30/12/2024
Jetta,Volkswagen,VBS-230,Crimson,2008,90588,true,gasoline,48.53,15457358,24/11/2023
3 Series,BMW,JXA-414,Red,2009,22771,false,diesel,36.82,26565159,07/10/2024
Contour,Ford,MVZ-357,Red,1995,81549,true,hybrid,48.53,29847185,05/12/2023
Skyhawk,Buick,ODW-803,Orange,1986,51279,true,electric,21.59,13837408,19/12/2024
944,Porsche,UKK-202,Red,1988,74400,false,gasoline,47.03,11894435,24/01/2024
Firebird,Pontiac,EWI-642,Purple,1986,50830,true,diesel,17.98,12938163,30/10/2024
TSX,Acura,WZY-112,Puce,2004,48575,true,hybrid,32.51,28601271,27/12/2024
Camaro,Chevrolet,QAV-517,Fuscia,1996,28179,true,electric,44.20,13808712,31/10/2024
SL-Class,Mercedes-Benz,YJB-692,Mauv,2005,64743,true,gasoline,32.00,24572409,03/06/2024
Cavalier,Chevrolet,QCW-361,Green,1992,64841,true,diesel,20.72,22301282,04/10/2024
E-Class,Mercedes-Benz,EEZ-375,Violet,2010,50119,true,hybrid,35.13,26659451,20/11/2024
Corvette,Chevrolet,SMV-500,Crimson,1967,81283,true,electric,36.78,22831302,23/12/2023
Viper,Dodge,ESF-911,Fuscia,2001,40901,false,gasoline,22.99,17630368,09/10/2024
7 Series,BMW,UOT-779,Mauv,1996,47700,true,diesel,49.41,18223647,18/10/2024
Grand Cherokee,Jeep,LQU-516,Crimson,2009,50220,true,hybrid,11.67,26847078,19/12/2024
Sonoma Club Coupe,GMC,FVM-598,Yellow,1993,1092,true,electric,32.13,15353849,25/12/2024
Mazda5,Mazda,SLH-430,Mauv,2008,14762,true,gasoline,17.31,13366697,01/05/2024
Ram 1500,Dodge,VAA-811,Orange,2005,94643,true,diesel,46.73,15258520,06/07/2024
Prelude,Honda,IQE-540,Turquoise,1984,25602,false,hybrid,47.85,17997798,07/05/2024
C-Class,Mercedes-Benz,LKH-416,Yellow,2004,69302,false,electric,14.61,24633694,10/08/2024
Astro,Chevrolet,VXW-927,Khaki,2000,33759,false,gasoline,11.30,16053463,16/01/2024
911,Porsche,PFJ-232,Violet,1992,78845,true,diesel,43.17,19173268,29/04/2024
Passat,Volkswagen,AMR-062,Yellow,1994,9527,false,hybrid,15.98,12464041,26/06/2024
Sequoia,Toyota,AQR-904,Green,2010,71969,true,electric,34.49,28036255,06/12/2024
Colt,Dodge,ZBI-186,Aquamarine,1989,79601,false,gasoline,14.88,19321249,22/07/2024
Accent,Hyundai,DAF-938,Teal,2013,26014,true,diesel,36.75,27129635,03/06/2024
Sierra 3500,GMC,CEW-940,Goldenrod,2010,83755,true,hybrid,37.71,7219620,30/07/2024
New Beetle,Volkswagen,QMF-671,Crimson,2009,42622,true,electric,16.95,15775651,03/03/2024
1500 Club Coupe,GMC,RTT-460,Purple,1992,32707,true,gasoline,30.67,25212018,03/12/2024
Commander,Jeep,XER-627,Indigo,2008,87542,false,diesel,48.95,9295862,19/08/2024
Rendezvous,Buick,BVW-117,Blue,2005,8460,false,hybrid,12.42,25666618,25/11/2023
G-Series G10,Chevrolet,UWU-080,Red,1993,60894,true,electric,24.03,7129065,01/10/2024
Explorer,Ford,CZH-750,Mauv,2013,81939,true,gasoline,18.93,24525480,03/03/2024
E150,Ford,JGW-914,Crimson,2010,84589,false,diesel,34.17,10570899,28/11/2024
Tacoma,Toyota,ZCN-329,Aquamarine,2005,71847,true,hybrid,20.60,14917982,02/01/2025
Viper,Dodge,ZAK-111,Green,1992,19832,false,electric,13.73,20544342,10/02/2024
Space,Mitsubishi,BHR-474,Violet,1984,14111,false,gasoline,21.82,9761178,24/05/2024
X-Type,Jaguar,VWT-695,Goldenrod,2002,10823,false,diesel,47.02,10713712,07/10/2024
Villager,Mercury,DED-540,Crimson,1995,86584,false,hybrid,16.63,21060977,03/08/2024
Sonic,Chevrolet,GDS-806,Mauv,2012,61692,false,electric,18.74,27138598,17/02/2024
Titan,Nissan,FWC-857,Purple,2009,18252,false,gasoline,29.38,14798392,21/11/2024
Outlander Sport,Mitsubishi,JHP-690,Khaki,2011,52540,false,diesel,37.38,13594550,24/02/2024
Sentra,Nissan,NDA-617,Green,2009,16059,false,hybrid,22.84,18215307,29/12/2023
Regal,Buick,HYJ-269,Maroon,2003,79130,false,electric,22.86,10599579,10/10/2024
Continental GT,Bentley,KAL-902,Turquoise,2008,36589,true,gasoline,30.54,8280195,30/05/2024
Murciélago,Lamborghini,VVB-203,Green,2002,35021,true,diesel,34.95,19072039,28/08/2024
TT,Audi,FHJ-314,Turquoise,2003,55904,true,hybrid,21.00,16943287,30/11/2023
IS,Lexus,UNX-103,Khaki,2012,44292,false,electric,11.69,8735542,08/06/2024
Grand Am,Pontiac,UHV-902,Orange,1993,94521,false,gasoline,16.36,22993102,04/06/2024
Villager,Mercury,RLI-827,Maroon,1996,57584,true,diesel,34.08,19023957,31/10/2024
Escalade EXT,Cadillac,MCA-392,Violet,2011,8300,false,hybrid,35.34,7256942,22/09/2024
Corvette,Chevrolet,KEN-300,Orange,2006,32953,true,electric,26.09,12259309,03/08/2024
Relay,Saturn,FYT-507,Yellow,2006,93356,false,gasoline,41.39,7622324,28/07/2024
Diamante,Mitsubishi,YXX-190,Indigo,2003,11176,false,diesel,47.63,11368602,27/04/2024
SLK-Class,Mercedes-Benz,TCX-553,Goldenrod,1999,52663,true,hybrid,31.33,22720213,16/10/2024
Jetta,Volkswagen,RRB-359,Maroon,1997,1049,false,electric,12.89,14582243,26/04/2024
Eos,Volkswagen,XUE-521,Aquamarine,2011,28130,false,gasoline,49.01,28732451,30/06/2024
New Beetle,Volkswagen,BOZ-680,Pink,2006,39920,false,diesel,49.36,10684049,14/12/2023
V50,Volvo,XNG-713,Blue,2005,92063,true,hybrid,20.13,8324676,20/04/2024
EX,Infiniti,VIY-942,Green,2008,43409,false,electric,27.15,9382871,13/11/2024
Camaro,Chevrolet,SDD-946,Goldenrod,1996,66196,true,gasoline,40.55,15449063,26/06/2024
Windstar,Ford,FPP-085,Purple,2001,16944,false,diesel,42.76,18919263,20/08/2024
Expedition,Ford,AGH-177,Green,2008,5404,false,hybrid,12.40,28928650,20/11/2023
xB,Scion,IXR-362,Yellow,2010,12624,true,electric,38.08,17024675,24/11/2024
QX56,Infiniti,HJI-150,Turquoise,2012,18534,false,gasoline,48.08,21023166,23/08/2024
Thunderbird,Ford,AFR-876,Mauv,1995,35789,true,diesel,38.63,7179080,13/08/2024
Ram Van 3500,Dodge,XGT-353,Yellow,1998,23182,true,hybrid,17.44,17695573,19/10/2024
1500,GMC,RYA-736,Pink,1998,57136,false,electric,22.58,28728056,15/11/2024
Vision,Eagle,NPQ-048,Violet,1995,6950,false,gasoline,21.73,8875234,20/07/2024
Courier,Ford,AUW-220,Blue,1989,28884,false,diesel,40.31,18807184,03/01/2024
Silhouette,Oldsmobile,LDP-082,Green,1999,96238,true,hybrid,47.82,26283192,20/06/2024
Caravan,Dodge,NRH-433,Orange,1997,50925,false,electric,16.50,9793674,27/06/2024
RVR,Mitsubishi,ZJQ-689,Maroon,1995,62564,true,gasoline,13.92,7629981,28/04/2024
LeSabre,Buick,JKI-492,Indigo,1988,64258,false,diesel,48.77,21660091,18/07/2024
Clubman,MINI,OXV-348,Puce,2010,45477,true,hybrid,30.08,8331954,16/02/2024
Corvette,Chevrolet,RPD-917,Goldenrod,1978,25975,true,electric,32.44,24473116,22/06/2024
Prius,Toyota,UIZ-960,Red,2001,39505,false,gasoline,33.35,18665493,17/02/2024
Commander,Jeep,CZW-326,Crimson,2006,25102,false,diesel,28.35,24425915,30/03/2024
Bonneville,Pontiac,XJR-379,Khaki,1987,65656,false,hybrid,41.96,29894406,09/04/2024
Lancer Evolution,Mitsubishi,HNB-389,Khaki,2002,10518,false,electric,14.96,24912824,26/12/2023
Silverado 2500,Chevrolet,FTK-115,Orange,2004,41624,true,gasoline,15.23,24506851,15/08/2024
90,Audi,QZF-977,Red,1995,65474,false,diesel,37.85,9281352,31/01/2024
Malibu,Chevrolet,IZA-372,Aquamarine,2008,99869,true,hybrid,39.54,14633896,11/05/2024
Journey,Dodge,BIY-453,Aquamarine,2010,24181,true,electric,28.33,17235184,28/11/2024
Econoline E350,Ford,UIG-681,Pink,1994,1963,false,gasoline,49.70,7318295,29/12/2023
DTS,Cadillac,GLX-898,Orange,2008,48867,true,diesel,44.69,24433053,01/01/2024
Explorer,Ford,BXY-739,Crimson,2003,28367,false,hybrid,33.13,18995554,17/11/2023
CR-V,Honda,YTR-147,Violet,2002,43230,true,electric,47.58,17731884,11/12/2023
Edge,Ford,CFH-848,Khaki,2010,8726,true,gasoline,12.64,10365175,02/11/2024
Golf,Volkswagen,UDG-504,Teal,2011,15775,true,diesel,27.96,20180562,08/12/2023
3500 Club Coupe,GMC,RTJ-026,Fuscia,1993,34752,false,hybrid,20.89,18328148,18/02/2024
Protege,Mazda,RGK-927,Maroon,1993,6620,true,electric,39.28,18805238,14/03/2024
Mustang,Ford,ESB-258,Green,2006,61578,false,gasoline,36.82,20250181,11/02/2024
Firebird Formula,Pontiac,KFP-132,Khaki,1999,71899,true,diesel,31.89,22771401,02/12/2024
XC60,Volvo,IZC-027,Puce,2009,32128,false,hybrid,45.21,18552664,29/02/2024
Land Cruiser,Toyota,OCW-314,Fuscia,1996,48606,true,electric,46.49,14558801,02/02/2024
Lynx,Mercury,WNY-514,Pink,1985,32985,true,gasoline,23.43,22176514,08/04/2024
Catera,Cadillac,LBJ-422,Teal,1997,77175,false,diesel,35.73,28690151,06/07/2024
300M,Chrysler,ABM-209,Puce,2001,71400,false,hybrid,21.37,23545223,06/07/2024
Legend,Acura,ZZD-320,Khaki,1994,63653,true,electric,18.04,11928780,03/09/2024
Tracer,Mercury,ZZD-731,Goldenrod,1995,2756,true,gasoline,43.21,27428421,27/10/2024
V50,Volvo,IEL-416,Green,2010,58844,true,diesel,12.25,24811030,12/06/2024
E-Class,Mercedes-Benz,QCF-043,Maroon,1997,25227,true,hybrid,26.22,13166197,01/02/2024
G25,Infiniti,BVK-901,Yellow,2012,11439,false,electric,40.02,12921051,20/12/2023
Tundra,Toyota,LIH-579,Maroon,2012,4509,true,gasoline,17.07,22166769,23/05/2024
Regal,Buick,LKX-292,Puce,1991,35604,true,diesel,24.00,26184198,19/02/2024
E-Series,Ford,GTL-641,Indigo,2007,79370,true,hybrid,21.38,26691507,26/03/2024
Grand Voyager,Plymouth,ZBK-711,Teal,1999,41235,true,electric,48.40,26091844,18/01/2024
Ascender,Isuzu,YBH-779,Maroon,2005,5098,true,gasoline,40.35,18068955,11/02/2024
Frontier,Nissan,IVD-926,Purple,2008,28517,true,diesel,16.74,8718908,09/07/2024
Ram Van B250,Dodge,LOO-420,Khaki,1993,7606,true,hybrid,15.03,27842215,20/04/2024
Civic,Honda,LSK-794,Orange,1996,25488,true,electric,34.13,25557843,09/06/2024
Explorer,Ford,HMO-083,Green,1993,99525,true,gasoline,28.53,10633192,20/11/2024
Tacoma,Toyota,KUG-748,Orange,2007,89478,true,diesel,12.03,16360819,23/05/2024
S4,Audi,IWF-287,Green,2013,11686,true,hybrid,23.67,26787821,17/11/2023
Sierra 1500,GMC,XBY-912,Purple,2006,14767,false,electric,37.31,14538102,09/04/2024
Truck,Mitsubishi,HAK-555,Purple,1987,81687,false,gasoline,17.76,13205698,28/07/2024
Cayenne,Porsche,WAS-688,Purple,2005,29819,false,diesel,48.03,25095872,29/11/2024
VUE,Saturn,EDI-285,Yellow,2009,40507,true,hybrid,30.72,21446739,18/11/2023
Mazda6,Mazda,CFD-518,Violet,2007,74775,true,electric,25.48,28487207,13/08/2024
Ram 2500,Dodge,SMQ-998,Puce,1995,29372,true,gasoline,21.42,21714356,17/01/2024
Protege,Mazda,IRE-564,Red,1998,3209,true,diesel,40.64,18287283,25/04/2024
Veracruz,Hyundai,AKW-585,Teal,2008,57824,true,hybrid,45.97,19731203,13/05/2024
CLK-Class,Mercedes-Benz,CQY-163,Crimson,2000,83891,false,electric,15.32,19640044,31/10/2024
Range Rover,Land Rover,DOE-635,Indigo,2008,45397,false,gasoline,22.87,21785516,01/11/2024
Lancer Evolution,Mitsubishi,RWI-033,Orange,2010,69596,false,diesel,46.03,17484723,25/02/2024
Metro,Geo,HJB-347,Khaki,1992,17698,true,hybrid,26.94,28573023,22/11/2024
Prizm,Geo,OAK-261,Pink,1994,17420,true,electric,15.18,15008484,15/10/2024
Avalon,Toyota,VQW-326,Aquamarine,1997,22900,false,gasoline,18.60,20470252,14/05/2024
500E,Mercedes-Benz,IUG-330,Red,1993,49112,true,diesel,41.41,9398977,19/11/2024
928,Porsche,RJV-851,Teal,1991,65619,false,hybrid,43.01,25879862,09/06/2024
Impulse,Isuzu,KVL-071,Fuscia,1992,62875,false,electric,18.34,12327994,20/12/2024
Ram,Dodge,QCK-204,Blue,2010,26557,false,gasoline,11.20,9885197,22/12/2023
Ram Van 2500,Dodge,KCS-798,Puce,1996,69349,false,diesel,37.55,15238877,21/01/2024
Accent,Hyundai,NFY-384,Blue,2008,90107,false,hybrid,10.34,7507440,10/08/2024
Verona,Suzuki,NYC-827,Yellow,2006,69227,true,electric,39.66,10932753,15/05/2024
Land Cruiser,Toyota,QVD-568,Maroon,2002,66867,true,gasoline,14.87,14936897,07/10/2024
Mighty Max,Mitsubishi,RIX-674,Red,1993,48991,false,diesel,47.13,20194324,08/09/2024
Mustang,Ford,GAL-528,Aquamarine,2008,52327,false,hybrid,41.18,21502381,18/12/2023
Intrigue,Oldsmobile,HUN-980,Goldenrod,2000,68752,false,electric,31.72,28677391,21/11/2023
Firebird Trans Am,Pontiac,MTW-069,Khaki,1986,31437,true,gasoline,20.77,23403603,28/05/2024
B-Series,Mazda,SJO-759,Violet,2006,16030,false,diesel,21.76,21703740,29/11/2023
Corvette,Chevrolet,BKK-961,Violet,1964,49048,true,hybrid,34.07,21970394,19/12/2023
TL,Acura,UYK-883,Teal,1999,49063,true,electric,26.67,7264803,07/05/2024
Escalade,Cadillac,RCF-666,Puce,1999,29385,false,gasoline,33.81,10049290,23/03/2024
A8,Audi,LJG-273,Maroon,1998,19102,true,diesel,23.64,17923901,17/08/2024
Suburban 1500,Chevrolet,IXS-269,Green,2006,10939,false,hybrid,12.90,7022539,01/01/2024
Pathfinder,Nissan,YNA-391,Purple,1995,79432,false,electric,41.77,27128892,24/04/2024
G-Series 1500,Chevrolet,ZPU-293,Blue,1996,16589,true,gasoline,34.04,10025567,17/12/2024
EX,Infiniti,OGQ-463,Crimson,2010,75403,true,diesel,28.72,20327894,05/06/2024
57,Maybach,WIN-254,Red,2007,58930,true,hybrid,11.99,7592960,26/11/2024
V70,Volvo,XSU-273,Crimson,2001,98200,false,electric,36.00,11627157,28/11/2023
Topaz,Mercury,XQJ-639,Mauv,1990,73984,false,gasoline,20.45,28592591,29/11/2024
Cabriolet,Audi,BER-850,Crimson,1996,25822,true,diesel,17.68,11946196,06/08/2024
CTS,Cadillac,EXD-075,Violet,2007,30114,true,hybrid,45.42,26566518,19/11/2023
Coupe Quattro,Audi,HDW-663,Crimson,1991,85785,false,electric,32.46,7473058,21/09/2024
Uplander,Chevrolet,UTU-602,Blue,2005,48428,true,gasoline,27.10,18018332,02/12/2024
Topaz,Mercury,QHH-785,Khaki,1994,70990,false,diesel,29.63,16322512,07/06/2024
Catera,Cadillac,EJB-745,Maroon,1998,22689,false,hybrid,13.01,20744204,28/07/2024
Ram 2500 Club,Dodge,MQV-460,Violet,1998,68607,true,electric,19.53,23260231,16/08/2024
Dakota Club,Dodge,JGI-393,Aquamarine,1993,98684,true,gasoline,49.19,12587144,06/09/2024
XF,Jaguar,QIQ-916,Khaki,2010,55709,true,diesel,30.15,23658477,30/06/2024
900,Saab,WPS-200,Yellow,1990,59485,false,hybrid,40.74,26563126,12/08/2024
Ram 3500,Dodge,WFW-807,Maroon,2004,57743,true,electric,37.35,9994694,22/03/2024
Corvette,Chevrolet,ARH-769,Indigo,1998,31170,true,gasoline,23.05,29874618,25/02/2024
Sprinter,Dodge,MYF-066,Blue,2006,97053,false,diesel,27.05,26628745,28/03/2024
RL,Acura,VBR-373,Red,2011,80872,false,hybrid,28.50,23865000,24/03/2024
Grand Marquis,Mercury,XOT-019,Mauv,1998,42477,true,electric,29.27,24925529,02/01/2025
S70,Volvo,NLH-896,Aquamarine,1999,28920,true,gasoline,34.18,29428726,18/11/2023
Catera,Cadillac,VDM-469,Puce,1997,61786,true,diesel,42.31,14480385,28/08/2024
Boxster,Porsche,UWL-515,Goldenrod,2005,18603,false,hybrid,49.12,21903759,04/05/2024
Navigator,Lincoln,FLO-636,Violet,2009,99784,true,electric,41.27,14858164,07/08/2024
Firefly,Pontiac,GBZ-457,Purple,1986,76136,false,gasoline,35.30,16128224,20/05/2024
Cherokee,Jeep,PAA-519,Maroon,2001,86059,true,diesel,38.45,14562256,05/04/2024
E-Class,Mercedes-Benz,RNZ-113,Purple,2002,69812,true,hybrid,27.06,18506622,19/04/2024
Town & Country,Chrysler,HYZ-341,Turquoise,2010,27114,true,electric,15.55,25475390,12/10/2024
STS-V,Cadillac,ZFH-333,Yellow,2006,8221,false,gasoline,24.30,27542348,23/07/2024
Town & Country,Chrysler,HYU-292,Pink,1993,51158,false,diesel,28.58,28233038,25/08/2024
Forester,Subaru,WAA-488,Blue,2011,13608,false,hybrid,24.13,23494215,16/02/2024
B-Series Plus,Mazda,NAQ-408,Violet,2000,59707,false,electric,41.07,29440967,30/04/2024
9-5,Saab,HQW-924,Aquamarine,1999,98329,true,gasoline,18.84,16099841,19/10/2024
4Runner,Toyota,GVV-357,Goldenrod,2002,45567,true,diesel,44.00,25652509,10/03/2024
Equator,Suzuki,ENS-909,Aquamarine,2011,52852,true,hybrid,30.58,21403826,05/12/2024
Cherokee,Jeep,DAH-673,Mauv,2000,83437,false,electric,25.69,24665379,09/02/2024
HHR,Chevrolet,RGO-903,Aquamarine,2009,9080,false,gasoline,29.93,13256633,25/07/2024
164,Alfa Romeo,AMK-178,Goldenrod,1992,91935,true,diesel,28.69,11987267,15/11/2023
TL,Acura,GTD-229,Purple,2010,69602,true,hybrid,32.48,7214942,01/07/2024
Accord,Honda,HLM-110,Crimson,2011,39261,true,electric,28.80,17591706,26/08/2024
Avalanche 2500,Chevrolet,AUF-657,Puce,2002,51589,false,gasoline,35.50,17999729,23/08/2024
W126,Mercedes-Benz,NJV-280,Crimson,1981,11413,false,diesel,36.62,10205008,06/12/2023
Continental GTC,Bentley,RSO-792,Maroon,2010,89468,true,hybrid,29.80,9655709,19/11/2023
Montero,Mitsubishi,IQL-823,Indigo,2002,33434,true,electric,41.05,24010722,26/11/2024
Crown Victoria,Ford,ACE-373,Yellow,1996,60557,true,gasoline,27.91,22764855,01/09/2024
Navajo,Mazda,RAN-941,Puce,1991,10330,false,diesel,22.26,9837412,15/03/2024
Sentra,Nissan,RPS-535,Pink,1999,95263,true,hybrid,10.21,27045712,08/01/2024
Pathfinder,Nissan,CXE-284,Pink,2004,66595,false,electric,13.67,7957011,21/08/2024
Mazda6,Mazda,LJM-255,Violet,2012,29929,false,gasoline,32.84,8722438,17/11/2023
Passat,Volkswagen,JPQ-006,Mauv,1999,22179,false,diesel,13.76,12605447,11/03/2024
Achieva,Oldsmobile,FGO-605,Fuscia,1995,99640,false,hybrid,32.33,9188305,26/10/2024
Trooper,Isuzu,NNF-024,Puce,1999,31675,false,electric,38.55,17006440,11/12/2023
Century,Buick,DVE-466,Yellow,1989,71030,true,gasoline,46.85,21760484,25/01/2024
Expo,Mitsubishi,FHL-250,Teal,1994,42864,true,diesel,12.75,28913940,26/08/2024
Continental GT,Bentley,ZGX-803,Maroon,2010,54854,false,hybrid,40.24,27323069,01/12/2024
D250,Dodge,FMC-114,Fuscia,1992,61493,false,electric,11.72,24165099,07/11/2024
LS,Lincoln,ISB-853,Yellow,2001,50041,false,gasoline,13.64,25164756,25/12/2023
J,Infiniti,CQO-869,Maroon,1997,99655,true,diesel,39.62,23737918,03/06/2024
Sonata,Hyundai,SSP-330,Yellow,2013,61927,true,hybrid,10.20,20649473,12/05/2024
300,Chrysler,SGL-047,Indigo,1999,17306,false,electric,43.45,7808895,28/09/2024
Avenger,Dodge,NSJ-534,Mauv,2000,66889,false,gasoline,15.99,25687212,27/04/2024
LaCrosse,Buick,HPH-318,Green,2007,76695,true,diesel,37.86,8328540,16/12/2023
Discovery Series II,Land Rover,AII-836,Maroon,1999,66796,true,hybrid,49.26,17069487,28/12/2023
Cougar,Mercury,OPC-660,Maroon,1988,31806,false,electric,30.77,24742994,09/10/2024
Quest,Nissan,SFZ-859,Teal,1998,20518,true,gasoline,31.26,27946457,09/09/2024
Mustang,Ford,URD-572,Blue,2011,31328,false,diesel,31.18,28174614,24/11/2024
Rogue,Nissan,KTP-447,Aquamarine,2011,10242,true,hybrid,28.83,19996106,04/01/2025
Oasis,Isuzu,DSX-648,Violet,1997,75669,false,electric,28.39,12490274,19/08/2024
Countach,Lamborghini,MXD-586,Teal,1988,60325,false,gasoline,15.21,16806931,15/09/2024
Countryman,MINI,RZH-432,Violet,2012,79638,true,diesel,37.81,17675387,26/02/2024
C70,Volvo,GZD-552,Orange,2000,77064,true,hybrid,20.45,19542952,31/10/2024
Bonneville,Pontiac,LJG-226,Teal,2005,19555,true,electric,46.74,16305939,20/09/2024
Grand Voyager,Plymouth,OAS-214,Teal,1995,36383,true,gasoline,12.91,15758734,21/01/2024
Bonneville,Pontiac,ISW-896,Goldenrod,2004,78088,false,diesel,37.21,9887216,07/09/2024
LR4,Land Rover,JUN-692,Purple,2010,50291,false,hybrid,46.26,7857021,21/11/2023
NSX,Acura,MWL-692,Aquamarine,1992,77932,false,electric,25.39,22459212,07/12/2024
Express 3500,Chevrolet,XQD-717,Aquamarine,2000,53818,true,gasoline,30.82,12499303,01/12/2023
M,Infiniti,OAV-552,Pink,2007,70100,true,diesel,14.42,11029346,25/06/2024
Pacifica,Chrysler,XGF-318,Teal,2004,54622,true,hybrid,42.99,17201008,16/02/2024
Z4,BMW,SMF-773,Blue,2011,2659,false,electric,40.75,22112508,01/07/2024
DTS,Cadillac,RIF-830,Khaki,2008,73988,false,gasoline,46.74,20218705,11/12/2024
Esprit,Lotus,SBC-347,Maroon,1988,74057,true,diesel,18.35,8567560,10/01/2024
Pathfinder,Nissan,KHE-068,Violet,2007,96200,false,hybrid,30.67,27344364,28/11/2023
Grand Cherokee,Jeep,AZI-615,Yellow,1996,21245,false,electric,39.99,25658221,03/09/2024
Quest,Nissan,YJW-440,Fuscia,2008,60919,true,gasoline,30.58,24012193,30/06/2024
Reno,Suzuki,KYJ-032,Blue,2008,88614,true,diesel,36.94,23967942,10/01/2024
Envoy,GMC,WBK-497,Fuscia,1999,18454,true,hybrid,16.13,12411920,31/05/2024
XR4Ti,Merkur,QSK-808,Crimson,1985,19398,true,electric,30.85,22038723,20/02/2024
MKS,Lincoln,WII-618,Teal,2012,87368,false,gasoline,44.42,11714714,04/12/2024
Savana 3500,GMC,UTO-288,Aquamarine,2008,68768,false,diesel,29.37,18075662,08/05/2024
XT,Subaru,OMW-394,Blue,1990,56488,true,hybrid,33.35,27143913,13/12/2024
F250,Ford,SVA-011,Green,1984,54597,true,electric,49.36,19685369,03/10/2024
S8,Audi,TWW-516,Purple,2003,14775,false,gasoline,27.12,10344586,27/09/2024
Econoline E250,Ford,ENU-202,Blue,1993,24551,true,diesel,25.78,7569175,28/11/2023
Range Rover,Land Rover,NCH-975,Aquamarine,2009,18627,true,hybrid,41.74,17035122,25/09/2024
Q,Infiniti,AXW-580,Goldenrod,2006,80557,false,electric,37.21,19476437,18/02/2024
MX-5,Mazda,GUA-708,Fuscia,1992,18623,true,gasoline,11.54,15379828,07/01/2025
88,Oldsmobile,DNZ-852,Indigo,1996,61601,false,diesel,33.81,27442717,01/01/2024
911,Porsche,DZG-650,Violet,1997,10916,false,hybrid,19.03,21035915,07/12/2023
Mustang,Ford,BRQ-513,Puce,2004,28513,false,electric,16.46,7385135,24/12/2024
V8 Vantage,Aston Martin,AOO-918,Mauv,2011,6149,true,gasoline,48.42,24505882,17/06/2024
RAV4,Toyota,LMW-592,Goldenrod,2006,71615,true,diesel,13.17,29892074,12/11/2023
Biturbo,Maserati,QPD-031,Puce,1986,35970,true,hybrid,35.32,22675653,13/06/2024
Classic,Chevrolet,CSQ-088,Puce,2004,61434,false,electric,31.32,29244546,12/08/2024
Miata MX-5,Mazda,PLH-584,Fuscia,2008,68482,false,gasoline,34.63,22646414,16/12/2023
Arnage,Bentley,WVD-085,Purple,2009,81199,false,diesel,33.37,16472162,02/01/2025
G-Series 2500,Chevrolet,BMI-720,Indigo,1998,41225,true,hybrid,41.96,13696672,09/11/2024
Suburban 2500,Chevrolet,PVK-631,Turquoise,2006,42444,true,electric,47.92,28283158,31/07/2024
530,BMW,TPQ-861,Indigo,2001,44318,true,gasoline,21.00,29888454,13/07/2024
Prius,Toyota,QCK-207,Goldenrod,2010,29124,false,diesel,42.86,20659838,16/11/2024
Xterra,Nissan,KCR-702,Puce,2011,93274,true,hybrid,13.70,24831406,27/03/2024
Durango,Dodge,LFL-119,Maroon,2012,37449,true,electric,48.66,12674547,02/06/2024
rio,Volkswagen,VIO-823,Puce,2000,9145,false,gasoline,13.58,15867158,21/08/2024
Dakota,Dodge,ZGH-079,Purple,1999,51266,true,diesel,34.60,25035180,07/01/2024
RL,Acura,ZOL-583,Orange,2008,39458,false,hybrid,35.40,12728311,19/05/2024
RVR,Mitsubishi,MCK-776,Maroon,1993,88063,false,electric,28.63,18107363,05/04/2024
H3T,Hummer,EAL-184,Red,2009,31264,true,gasoline,30.88,12599816,12/05/2024
Cayman,Porsche,RZE-355,Puce,2008,30186,false,diesel,17.06,26613239,19/12/2024
CL-Class,Mercedes-Benz,EPK-002,Mauv,2006,32365,false,hybrid,34.06,7666915,27/03/2024
Galaxie,Ford,ECU-631,Indigo,1964,58612,true,electric,49.81,14656208,18/12/2024
Type 2,Volkswagen,DUH-261,Aquamarine,1986,86885,true,gasoline,47.51,21362621,03/01/2024
929,Mazda,KZB-490,Crimson,1994,19989,false,diesel,46.41,24148651,26/07/2024
DBS,Aston Martin,ZEH-180,Red,2010,75585,true,hybrid,34.28,27188353,06/05/2024
Vandura G3500,GMC,ZAS-612,Turquoise,1995,73058,true,electric,35.47,10667829,16/10/2024
Sonata,Hyundai,MGX-547,Violet,2003,42696,false,gasoline,26.57,22279589,27/12/2023
Continental Flying Spur,Bentley,DFX-542,Red,2010,26291,true,diesel,20.68,26046099,07/01/2025
Murano,Nissan,ZJI-776,Indigo,2009,81453,true,hybrid,22.10,28801343,27/03/2024
SL-Class,Mercedes-Benz,HQO-734,Crimson,1988,17876,false,electric,11.02,18694492,28/10/2024
Pajero,Mitsubishi,BTP-642,Puce,2000,20818,true,gasoline,21.75,11556271,11/12/2023
GT350,Shelby,KNM-120,Indigo,1969,56962,true,diesel,47.47,8307941,23/09/2024
X5,BMW,YVW-575,Aquamarine,2008,81598,true,hybrid,33.28,24942744,07/05/2024
M,BMW,TZN-974,Fuscia,2000,68691,true,electric,40.14,28951955,25/01/2024
Bravada,Oldsmobile,YRB-157,Turquoise,1998,30360,true,gasoline,25.91,12974928,25/02/2024
Ranger,Ford,TLJ-706,Crimson,2004,47231,true,diesel,42.43,8439592,03/05/2024
Corolla,Toyota,ETW-917,Violet,2010,21331,true,hybrid,33.97,19177689,08/08/2024
Solara,Toyota,UWD-629,Indigo,1999,29822,false,electric,22.72,14427058,27/04/2024
Mirage,Mitsubishi,EHW-375,Fuscia,1986,93576,false,gasoline,44.19,16881662,01/09/2024
2500,Chevrolet,VIV-990,Yellow,1993,9874,true,diesel,29.94,22975778,17/01/2024
CTS-V,Cadillac,DEN-764,Turquoise,2009,33425,true,hybrid,13.64,22306519,09/11/2024
E350,Ford,LYX-941,Blue,2008,2124,true,electric,40.00,29736565,02/12/2024
LS,Lexus,DTC-012,Orange,1999,18007,true,gasoline,47.84,14886288,02/05/2024
Quest,Nissan,LUC-386,Puce,2001,58203,false,diesel,34.12,20530725,20/11/2023
XG350,Hyundai,ABU-365,Red,2005,33349,true,hybrid,48.53,8816936,26/11/2024
Equinox,Chevrolet,BSY-131,Red,2008,73043,true,electric,43.16,7133960,20/12/2024
Enclave,Buick,DWB-986,Violet,2011,32013,true,gasoline,45.52,20588613,15/02/2024
Cherokee,Jeep,SNL-420,Red,1999,40655,false,diesel,40.86,23790884,16/12/2024
TT,Audi,AER-455,Goldenrod,2003,21507,false,hybrid,44.22,26272558,17/12/2023
A8,Audi,YKY-113,Turquoise,2000,10900,false,electric,12.32,12717768,19/05/2024
Cougar,Mercury,JPD-178,Khaki,2000,53477,true,gasoline,23.44,9833565,03/12/2024
Express 2500,Chevrolet,NPJ-179,Khaki,2006,8128,true,diesel,38.48,14643064,09/12/2024
GL-Class,Mercedes-Benz,MFP-171,Pink,2010,1883,false,hybrid,37.62,14016395,16/10/2024
Metro,Chevrolet,ZYN-726,Orange,1999,2505,true,electric,32.41,11414393,03/07/2024
Ion,Saturn,ODL-901,Aquamarine,2006,6815,true,gasoline,23.86,15608124,14/04/2024
Ram 3500,Dodge,XIP-098,Violet,1997,31271,false,diesel,18.89,11342417,16/12/2024
Aerostar,Ford,FTT-707,Orange,1987,20277,false,hybrid,23.28,25435064,29/11/2023
Prelude,Honda,KCK-358,Yellow,1985,50591,false,electric,10.41,18570133,27/03/2024
Ram 3500,Dodge,JDZ-218,Turquoise,1995,62507,false,gasoline,38.13,23746696,25/08/2024
Pathfinder,Nissan,WVF-678,Crimson,2007,73605,true,diesel,33.93,9989055,29/04/2024
Volare,Plymouth,PWM-296,Indigo,1976,46691,true,hybrid,21.24,10009300,27/02/2024
Wrangler,Jeep,SSI-418,Maroon,1998,30313,true,electric,44.80,14546678,26/03/2024
Vandura 1500,GMC,GUH-118,Indigo,1993,97420,true,gasoline,30.07,23777393,19/08/2024
Express 3500,Chevrolet,FDM-610,Orange,2001,32525,true,diesel,41.81,11998445,25/05/2024
Rocky,Daihatsu,NOO-631,Maroon,1992,38900,true,hybrid,29.80,20858745,06/01/2024
New Beetle,Volkswagen,NSV-003,Aquamarine,1998,46804,false,electric,24.11,23330611,26/11/2023
Spectra5,Kia,WGP-584,Khaki,2006,79892,false,gasoline,36.45,21971692,17/01/2024
Esprit,Lotus,MFW-175,Orange,2002,62928,true,diesel,25.22,20846461,29/06/2024
XJ Series,Jaguar,UJP-682,Red,1992,90412,false,hybrid,30.32,8548360,07/09/2024
V50,Volvo,OFT-470,Aquamarine,2005,76594,true,electric,23.00,14145136,14/07/2024
Sable,Mercury,GLQ-121,Maroon,2005,68928,false,gasoline,26.53,12216039,17/03/2024
Santa Fe,Hyundai,WXD-935,Fuscia,2009,6956,true,diesel,47.37,11556346,18/02/2024
Boxster,Porsche,MOE-995,Red,2008,45720,false,hybrid,19.06,29220427,02/08/2024
Dakota,Dodge,PTY-647,Maroon,1996,14567,false,electric,12.47,15595455,29/11/2024
Mazdaspeed 3,Mazda,VOH-738,Violet,2007,82563,false,gasoline,12.67,15186222,15/11/2023
240SX,Nissan,RRM-906,Purple,1997,42843,false,diesel,31.59,17108165,31/12/2023
626,Mazda,ZMV-632,Yellow,1993,10752,false,hybrid,29.93,27132910,01/05/2024
Corrado,Volkswagen,BVA-301,Indigo,1992,34508,true,electric,19.73,9846565,12/12/2023
Range Rover,Land Rover,MRN-154,Fuscia,1994,96541,true,gasoline,19.17,16220607,16/03/2024
Passat,Volkswagen,DAE-643,Aquamarine,1999,4710,false,diesel,14.77,14418888,26/04/2024
1000,Pontiac,NDQ-596,Aquamarine,1986,58679,true,hybrid,41.90,14117661,18/12/2024
F-Series,Ford,PIF-207,Khaki,2002,11004,false,electric,11.73,7006265,07/07/2024
Escape,Ford,MFI-474,Goldenrod,2005,32936,false,gasoline,37.47,14334776,23/02/2024
Santa Fe,Hyundai,TGA-921,Red,2006,47705,true,diesel,39.92,25276381,13/11/2023
Prowler,Plymouth,PEZ-839,Crimson,2000,99278,true,hybrid,46.07,12899490,27/09/2024
Fortwo,Smart,SKZ-451,Teal,2012,35760,false,electric,47.73,26770134,05/11/2024
Windstar,Ford,QPT-947,Orange,1997,31312,false,gasoline,33.90,25452372,05/01/2025
Caravan,Dodge,SNF-422,Maroon,2005,67872,false,diesel,40.57,15671049,17/12/2023
Edge,Ford,OKT-139,Indigo,2011,29184,true,hybrid,47.15,12446762,10/11/2023
E-Series,Ford,BTN-708,Pink,1987,99070,true,electric,47.94,27940706,02/07/2024
Lucerne,Buick,KWM-357,Indigo,2011,75920,true,gasoline,24.83,27165850,31/12/2023
MX-5,Mazda,FOT-844,Maroon,1998,48984,true,diesel,11.80,14284255,04/04/2024
Exige,Lotus,WYA-651,Goldenrod,2006,82476,true,hybrid,23.50,21397562,01/02/2024
Highlander,Toyota,FQS-784,Green,2009,82274,false,electric,10.89,29795751,21/08/2024
S-Class,Mercedes-Benz,BPU-797,Violet,2004,18427,true,gasoline,40.47,8786668,02/12/2024
SL-Class,Mercedes-Benz,OXV-154,Maroon,2006,75128,false,diesel,34.62,21903509,18/09/2024
Sentra,Nissan,XAM-679,Maroon,2004,26555,false,hybrid,13.34,11544919,28/04/2024
XC70,Volvo,YEA-077,Aquamarine,2009,30878,false,electric,43.91,23208442,09/11/2024
Mirage,Mitsubishi,AIF-320,Blue,1989,45336,false,gasoline,35.74,7972998,14/07/2024
tC,Scion,MCT-975,Blue,2011,71055,false,diesel,45.62,13699518,19/01/2024
Land Cruiser,Toyota,ZAS-980,Blue,1998,68395,false,hybrid,31.47,10435436,27/10/2024
C-Class,Mercedes-Benz,WXD-427,Crimson,2003,52150,false,electric,18.22,10051681,16/11/2024
V8,Audi,EQD-300,Crimson,1991,46944,true,gasoline,34.11,27493630,31/05/2024
F250,Ford,SQC-858,Mauv,2009,28831,false,diesel,41.47,27336486,13/12/2024
C70,Volvo,JMR-739,Indigo,2010,44316,true,hybrid,30.65,20126921,23/01/2024
Tracer,Mercury,QDI-988,Orange,1999,34412,true,electric,38.09,26144307,16/05/2024
Taurus,Ford,XCO-898,Maroon,1990,66355,false,gasoline,33.91,23674518,14/01/2024
Montero,Mitsubishi,SRQ-974,Crimson,1994,86988,true,diesel,41.29,25450245,26/12/2024
Town & Country,Chrysler,EET-019,Green,2002,83833,false,hybrid,47.64,25963880,09/05/2024
LaCrosse,Buick,SEE-107,Puce,2012,14734,false,electric,43.10,14526046,20/01/2024
Focus,Ford,CPN-643,Indigo,2004,25498,true,gasoline,14.20,27478919,08/11/2024
Type-1h,Aptera,QFG-238,Orange,2010,93110,false,diesel,35.76,7509491,25/12/2023
Jetta,Volkswagen,FQY-938,Teal,1996,39532,false,hybrid,17.99,19238297,07/09/2024
Estate,Buick,KOH-018,Yellow,1990,22754,false,electric,40.98,20152005,22/01/2024
Safari,GMC,VJB-435,Yellow,1996,22445,false,gasoline,29.95,22247121,03/04/2024
Avalanche 2500,Chevrolet,AMG-115,Orange,2002,36769,false,diesel,40.05,16859272,10/06/2024
Suburban 1500,GMC,YEF-145,Blue,1999,73874,false,hybrid,44.96,9512431,17/09/2024
Aviator,Lincoln,HOV-385,Violet,2004,33216,true,electric,44.30,28636189,13/01/2025
A6,Audi,TOX-789,Purple,2001,84548,false,gasoline,35.57,29872482,27/01/2024
Continental GTC,Bentley,SRK-249,Aquamarine,2009,17693,false,diesel,33.31,18127285,08/04/2024
300SL,Mercedes-Benz,GQQ-924,Turquoise,1992,60836,false,hybrid,33.14,11518868,07/11/2024
FCX Clarity,Honda,TRE-272,Maroon,2012,15719,true,electric,13.99,20835652,23/11/2024
Exige,Lotus,GMD-820,Turquoise,2012,18761,true,gasoline,19.84,16866073,09/12/2024
Q,Infiniti,UFW-331,Red,1995,93340,false,diesel,29.72,29408308,17/04/2024
Taurus,Ford,SOM-023,Blue,1998,80572,false,hybrid,26.83,13208078,22/02/2024
G5,Pontiac,TJE-881,Mauv,2007,21705,false,electric,23.51,17970988,16/01/2024
Nitro,Dodge,QEP-148,Red,2009,92050,false,gasoline,23.37,14817244,22/09/2024
CL-Class,Mercedes-Benz,WAG-790,Turquoise,2012,33922,false,diesel,28.86,9005539,19/11/2024
Silverado,Chevrolet,DRR-137,Green,2010,84026,true,hybrid,37.04,14746356,12/01/2024
B2600,Mazda,ZJM-310,Crimson,1989,32894,false,electric,49.70,17830131,23/11/2024
Range Rover,Land Rover,PAZ-758,Puce,2010,73641,true,gasoline,29.04,26366571,17/06/2024
Miata MX-5,Mazda,WSZ-887,Red,1995,18120,true,diesel,25.53,25846723,11/05/2024
F150,Ford,WPR-874,Khaki,2010,87192,true,hybrid,27.94,16583959,31/08/2024
MDX,Acura,NFB-404,Orange,2007,51396,false,electric,20.67,11229515,20/01/2024
911,Porsche,CRT-476,Fuscia,1993,26242,true,gasoline,11.73,24653940,05/01/2024
Millenia,Mazda,PUA-115,Violet,1995,19667,false,diesel,25.80,14927581,29/02/2024
Crown Victoria,Ford,QGI-487,Crimson,2000,16027,false,hybrid,41.31,27623932,13/03/2024
Freelander,Land Rover,CRV-278,Maroon,2002,21029,true,electric,17.47,7448306,20/12/2024
F150,Ford,KEL-006,Green,1994,73671,true,gasoline,38.89,25897608,29/06/2024
RX,Lexus,VIU-943,Fuscia,2002,73692,true,diesel,22.91,9468145,29/11/2023
Express 2500,Chevrolet,PQJ-842,Blue,2004,10513,true,hybrid,17.75,24197205,30/09/2024
Econoline E350,Ford,KIS-164,Goldenrod,1992,21454,false,electric,25.97,17754081,05/03/2024
Tribute,Mazda,CWY-973,Fuscia,2001,14022,false,gasoline,24.03,29029587,16/09/2024
Econoline E250,Ford,QVZ-274,Goldenrod,1997,65070,false,diesel,14.11,24594340,10/01/2025
Sable,Mercury,OZG-715,Indigo,1990,71706,false,hybrid,21.53,12228049,22/04/2024
Riviera,Buick,NQH-509,Pink,1995,61600,false,electric,27.86,18913604,23/06/2024
F250,Ford,BZW-809,Pink,1984,48870,false,gasoline,18.40,9425167,17/12/2023
Mirage,Mitsubishi,QTB-045,Maroon,1996,98878,false,diesel,26.73,27859781,18/06/2024
Corvette,Chevrolet,EYX-247,Crimson,1969,25765,false,hybrid,30.57,8303325,10/03/2024
A3,Audi,SBH-854,Khaki,2009,41143,false,electric,49.53,27607866,19/12/2024
Caravan,Dodge,HJH-724,Mauv,2002,34936,true,gasoline,35.30,26326393,09/11/2024
Sequoia,Toyota,MFK-756,Fuscia,2001,86348,true,diesel,28.04,18460599,20/06/2024
Tacoma,Toyota,PZG-568,Purple,2008,71980,true,hybrid,19.61,29959127,24/12/2023
E-Series,Ford,TSK-048,Puce,1992,57132,true,electric,48.34,7913736,17/12/2024
G37,Infiniti,NTM-263,Maroon,2010,72931,true,gasoline,37.90,16479629,06/01/2025
Ram Van 3500,Dodge,UCF-144,Aquamarine,1999,54044,true,diesel,41.02,28594272,18/09/2024
F-Series Super Duty,Ford,OPZ-248,Mauv,2007,22990,true,hybrid,19.85,20468839,30/07/2024
Quest,Nissan,LXD-452,Teal,1995,5596,true,electric,35.33,21378338,30/09/2024
Model S,Tesla,ZZT-687,Maroon,2012,55141,false,gasoline,11.26,10543735,01/08/2024
Bonneville,Pontiac,GFU-265,Maroon,1999,47893,false,diesel,44.56,21721669,27/12/2023
Monte Carlo,Chevrolet,XMH-227,Pink,2005,45363,true,hybrid,25.78,22234997,11/09/2024
Corolla,Toyota,FNY-517,Crimson,2008,31933,false,electric,17.94,12869523,26/07/2024
Elantra,Hyundai,XCX-179,Purple,2011,76413,true,gasoline,10.38,17166012,27/09/2024
Quest,Nissan,YXA-827,Orange,1995,45545,false,diesel,21.19,22646859,01/07/2024
MKX,Lincoln,JLM-711,Mauv,2011,29909,true,hybrid,39.93,17008473,24/04/2024
599 GTB Fiorano,Ferrari,HGX-675,Indigo,2009,30221,false,electric,38.59,26901760,23/07/2024
Outlander,Mitsubishi,CPW-277,Green,2012,94920,true,gasoline,17.02,9158688,26/11/2023
GX,Lexus,EAE-720,Blue,2003,9816,true,diesel,29.98,28466805,20/10/2024
V8 Vantage,Aston Martin,AFA-246,Mauv,2008,27200,true,hybrid,14.65,18492422,10/07/2024
Canyon,GMC,JTI-386,Red,2008,26588,false,electric,31.89,8690782,23/06/2024
Baja,Subaru,CWE-143,Maroon,2005,32257,true,gasoline,30.30,19628856,06/12/2023
Acclaim,Plymouth,RTG-900,Indigo,1992,61720,true,diesel,24.80,24574228,14/02/2024
Sable,Mercury,IBO-965,Teal,1996,35624,true,hybrid,15.10,26816369,24/02/2024
9-7X,Saab,YIT-217,Puce,2005,27675,false,electric,17.46,26718928,08/06/2024
Continental Mark VII,Lincoln,RPT-618,Mauv,1991,32474,false,gasoline,21.68,13386346,11/11/2024
Typ-1,Aptera,FUU-353,Green,2008,90253,false,diesel,32.62,18180548,10/11/2023
Esperante,Panoz,OGN-507,Green,2007,81512,true,hybrid,11.06,29622947,26/01/2024
500SEL,Mercedes-Benz,CKM-252,Crimson,1992,37891,true,electric,10.72,18486758,30/06/2024
Vantage,Aston Martin,QOW-704,Turquoise,2009,76939,true,gasoline,48.98,24249889,12/09/2024
Grand Caravan,Dodge,ZES-293,Crimson,1995,93080,true,diesel,26.20,28928910,14/11/2024
SL-Class,Mercedes-Benz,PFG-961,Mauv,2005,30259,true,hybrid,44.62,20477432,05/10/2024
X5,BMW,OVN-772,Puce,2007,10594,false,electric,49.10,13841056,19/10/2024
Miata MX-5,Mazda,WSK-252,Aquamarine,2005,43241,false,gasoline,42.44,8094630,13/01/2025
GT-R,Nissan,WDC-702,Purple,2012,81220,false,diesel,29.58,20150871,06/01/2025
Familia,Mazda,FDY-915,Maroon,1992,95472,true,hybrid,33.17,24433509,15/01/2024
Tracer,Mercury,LRJ-800,Green,1988,8201,false,electric,29.57,17818840,20/01/2024
S10,Chevrolet,JTJ-175,Pink,2004,99315,true,gasoline,48.01,8811569,20/06/2024
Park Avenue,Buick,EFW-220,Puce,1996,83814,false,diesel,45.71,16656268,12/11/2023
Escalade,Cadillac,VAE-665,Purple,2006,75111,true,hybrid,32.72,19832159,18/05/2024
Pilot,Honda,LIY-126,Crimson,2008,5282,true,electric,45.38,21061372,07/07/2024
Cavalier,Chevrolet,VUD-127,Orange,2001,34616,false,gasoline,37.45,10420318,10/03/2024
Amanti,Kia,QYN-344,Yellow,2009,86963,false,diesel,46.12,23565858,18/02/2024
Venture,Chevrolet,VIO-817,Turquoise,1999,30308,true,hybrid,48.27,7404914,28/06/2024
Mountaineer,Mercury,BDE-712,Pink,2010,51441,false,electric,34.71,21513766,26/12/2023
LS,Lexus,NQC-562,Violet,1995,86982,false,gasoline,27.73,21614249,04/05/2024
Insight,Honda,VTH-483,Indigo,2011,23416,true,diesel,26.56,29879650,14/05/2024
Crown Victoria,Ford,OSJ-967,Yellow,1996,36283,false,hybrid,23.59,8303359,29/11/2023
Exige,Lotus,CSY-059,Red,2005,6220,true,electric,25.46,26292398,17/05/2024
Amigo,Isuzu,LAU-030,Teal,1998,20590,true,gasoline,31.00,11764007,28/04/2024
Dakota,Ram,NJP-627,Purple,2011,46854,false,diesel,36.64,13323885,12/04/2024
MR2,Toyota,LYG-949,Blue,1994,24252,true,hybrid,24.56,14631663,02/01/2025
Pajero,Mitsubishi,ZTJ-984,Yellow,1991,85082,false,electric,23.83,17186038,17/09/2024
XL7,Suzuki,EAW-077,Pink,2009,83061,false,gasoline,44.73,29082995,12/12/2024
Traverse,Chevrolet,QDD-044,Indigo,2011,24990,false,diesel,39.56,9798867,27/01/2024
Skylark,Buick,EUP-269,Yellow,1990,46759,false,hybrid,35.53,9298622,02/09/2024
Sentra,Nissan,LXB-045,Khaki,2011,73277,false,electric,48.96,19212119,28/11/2023
Continental GT,Bentley,DQZ-197,Orange,2006,39874,false,gasoline,12.21,23090455,08/12/2023
S10 Blazer,Chevrolet,DCD-512,Turquoise,1993,81701,true,diesel,29.14,26295538,09/10/2024
1 Series,BMW,WLX-376,Maroon,2012,5115,false,hybrid,26.99,15872996,14/09/2024
Mariner,Mercury,QQN-275,Purple,2009,57017,true,electric,18.93,27560515,26/01/2024
Laser,Plymouth,RAR-402,Yellow,1989,70849,true,gasoline,24.46,22544086,16/12/2024
IS-F,Lexus,MVO-601,Khaki,2008,56401,false,diesel,34.87,11664165,22/02/2024
MR2,Toyota,CLU-728,Purple,2001,69436,true,hybrid,23.29,28683219,17/08/2024
XL7,Suzuki,TXW-214,Turquoise,2007,64372,true,electric,29.74,10435721,05/05/2024
9-3,Saab,BVQ-488,Teal,2010,96395,true,gasoline,47.03,8741283,01/08/2024
Outlander,Mitsubishi,NEJ-155,Khaki,2011,51121,false,diesel,43.61,28401458,21/04/2024
911,Porsche,LUV-165,Aquamarine,1991,21390,true,hybrid,36.71,22473038,08/12/2023
I,Infiniti,CJP-658,Yellow,2001,38417,false,electric,32.50,13035023,20/11/2023
S80,Volvo,IGP-078,Yellow,2010,26945,false,gasoline,29.12,26309768,17/04/2024
Regal,Buick,ZDM-925,Purple,2004,84950,true,diesel,31.89,24475350,11/12/2023
Expedition,Ford,CNO-929,Blue,1997,61356,false,hybrid,11.40,14756928,26/09/2024
LUV,Chevrolet,YQU-607,Goldenrod,1979,57391,true,electric,47.57,10327994,26/01/2024
Tribeca,Subaru,BQZ-480,Pink,2010,60118,false,gasoline,36.51,12319166,14/08/2024
LeSabre,Buick,ITK-760,Blue,2005,58451,false,diesel,46.84,13403479,23/10/2024
525,BMW,KMU-182,Goldenrod,2006,97996,true,hybrid,37.09,20545625,17/07/2024
Pajero,Mitsubishi,HNY-264,Indigo,1991,98051,true,electric,38.85,12870750,13/11/2023
Express 1500,Chevrolet,NOJ-002,Indigo,2005,85160,false,gasoline,19.33,14565058,12/08/2024
Cayenne,Porsche,THC-563,Red,2011,40388,false,diesel,46.92,22743078,30/09/2024
MX-6,Mazda,LUG-092,Purple,1988,80706,false,hybrid,26.20,27332128,09/02/2024
Truck,Mitsubishi,XOF-739,Green,1994,44360,true,electric,22.88,10817182,16/02/2024
Elantra,Hyundai,HEH-580,Goldenrod,1995,70353,true,gasoline,49.15,24474055,20/11/2024
Murano,Nissan,OSL-489,Khaki,2012,33354,false,diesel,25.76,25283621,25/09/2024
Econoline E250,Ford,DAU-517,Teal,1992,67107,true,hybrid,37.34,12869689,05/04/2024
Optima,Kia,UQI-333,Turquoise,2004,68034,true,electric,46.72,15475931,17/02/2024
Mazda3,Mazda,HRT-716,Blue,2005,40002,true,gasoline,20.58,20423051,11/03/2024
Maxima,Nissan,JVB-731,Turquoise,1995,83954,true,diesel,37.22,12436022,29/06/2024
Lanos,Daewoo,SHI-366,Khaki,2000,81309,false,hybrid,28.08,27505142,03/03/2024
Esteem,Suzuki,NGL-685,Goldenrod,2001,96078,true,electric,11.38,25307433,08/07/2024
Lumina,Chevrolet,YNC-243,Purple,2000,8995,false,gasoline,13.09,10643032,21/12/2023
Lancer Evolution,Mitsubishi,KYH-046,Teal,2004,15245,false,diesel,22.09,22565538,12/06/2024
Express 2500,Chevrolet,SPD-475,Orange,2011,41918,true,hybrid,33.54,25075893,18/10/2024
Continental GT,Bentley,BRO-319,Pink,2007,74287,true,electric,10.32,26943056,31/05/2024
Fiesta,Ford,XDQ-821,Teal,2013,41437,true,gasoline,29.81,22344778,24/01/2024
Alcyone SVX,Subaru,VQH-575,Teal,1993,38459,false,diesel,19.66,7982891,06/07/2024
Camaro,Chevrolet,WSY-653,Indigo,1969,96237,false,hybrid,33.79,19476818,30/11/2024
Silverado,Chevrolet,RST-686,Red,2001,10928,false,electric,40.95,25056100,29/11/2024
SL-Class,Mercedes-Benz,GCD-129,Turquoise,1990,46492,false,gasoline,31.48,25880442,11/07/2024
Savana 3500,GMC,QFG-347,Orange,2002,20313,false,diesel,39.96,25779435,04/12/2023
88,Oldsmobile,MMX-546,Yellow,1995,84716,true,hybrid,23.91,7549168,23/04/2024
Cayman,Porsche,CPH-800,Fuscia,2007,46759,false,electric,22.06,26671096,25/10/2024
Corvette,Chevrolet,JHW-296,Blue,1997,24583,false,gasoline,34.99,17234051,20/11/2023
Express,Chevrolet,BHR-568,Turquoise,2009,93957,false,diesel,35.06,9697959,04/01/2025
Tundra,Toyota,OMJ-245,Fuscia,2004,9638,true,hybrid,45.88,28497726,07/10/2024
Comanche,Jeep,VLG-408,Teal,1992,87615,false,electric,33.62,9703551,05/04/2024
Monte Carlo,Chevrolet,SWC-422,Yellow,1998,32909,false,gasoline,34.12,18856235,18/04/2024
Sable,Mercury,DVS-868,Goldenrod,1986,22108,false,diesel,48.36,17429857,01/07/2024
Impreza,Subaru,PAT-619,Crimson,1996,30416,true,hybrid,49.58,7172466,22/01/2024
Elan,Lotus,WMN-002,Aquamarine,1990,95789,true,electric,19.80,11852883,12/01/2025
S-Series,Saturn,ZHY-547,Khaki,1995,13518,true,gasoline,18.91,20026958,12/10/2024
MPV,Mazda,YEN-683,Turquoise,1991,35392,false,diesel,33.81,7852704,22/08/2024
Grand Prix,Pontiac,TNB-076,Purple,1987,52063,true,hybrid,47.57,10403073,16/01/2024
