386694104,Nissan,spark plug,Sentra,2003,67.32,31
396206378,Chrysler,brake pad,Prowler,2001,64.00,61
573345396,Isuzu,oil filter,Oasis,1997,36.22,83
625385332,Toyota,air filter,Tundra,2007,63.65,76
872653709,Plymouth,radiator hose,Colt,1994,61.15,77
805623059,Hyundai,battery,Azera,2006,62.45,90
544975706,Chevrolet,rotor,Express 1500,1997,22.62,57
128359218,Lotus,brake pad,Elan,1993,47.68,53
558013925,Ford,altenator,Ranger,1990,51.21,61
62163398,Alfa Romeo,axle,Spider,1993,17.20,90
329966585,Chevrolet,headlight,Camaro,1992,53.39,39
226129342,Chevrolet,mirror,Express 3500,2007,95.88,29
421891501,Chevrolet,radiator,Express,2010,98.98,8
78464435,BMW,spark plug,Z4 M,2008,30.03,36
267204961,Kia,brake pad,Sedona,2006,67.71,13
363337537,Toyota,oil filter,Sienna,1998,23.95,26
321395632,Dodge,air filter,Caravan,2003,87.63,21
578413368,Mitsubishi,radiator hose,Montero Sport,1997,22.27,31
407269886,Chevrolet,battery,Suburban 1500,1993,85.56,93
190966153,Ford,rotor,Econoline E350,2001,43.23,96
595065092,Chevrolet,brake pad,Avalanche 2500,2004,70.23,64
501183839,Toyota,altenator,Tercel,1995,29.85,32
642834430,Oldsmobile,axle,Silhouette,1997,56.93,82
12721170,Mercury,headlight,Sable,1996,34.84,85
899098223,Lincoln,mirror,Town Car,1991,67.10,56
466517044,Mercedes-Benz,radiator,E-Class,1997,39.02,55
1657180,Chevrolet,spark plug,Corvette,2008,40.37,24
295027406,Isuzu,brake pad,Impulse,1992,57.61,45
14482714,Volkswagen,oil filter,Touareg,2009,67.05,78
725807260,Nissan,air filter,Sentra,2009,90.85,67
916308834,Chevrolet,radiator hose,Corvette,1962,89.31,93
661445881,Mazda,battery,MX-5,1998,44.06,4
805738077,Volkswagen,rotor,Routan,2011,20.45,56
701649332,Buick,brake pad,Skylark,1998,62.28,51
628021540,Dodge,altenator,Caliber,2007,31.07,66
412493804,Dodge,axle,Avenger,2012,47.96,27
252950543,BMW,headlight,7 Series,2011,85.00,64
559352944,Jaguar,mirror,XJ Series,1999,29.96,76
469126484,Mazda,radiator,626,1996,48.59,39
710951747,GMC,spark plug,Sierra 3500,2005,90.66,17
93392357,Chevrolet,brake pad,Suburban 2500,2009,77.89,52
810617917,Chevrolet,oil filter,Suburban 2500,1999,43.73,62
287572625,Lexus,air filter,SC,2002,29.47,89
997243481,Honda,radiator hose,del Sol,1997,79.22,90
338815130,Mercedes-Benz,battery,E-Class,1986,76.04,45
637638782,Mitsubishi,rotor,Pajero,1996,87.08,79
798501968,Cadillac,brake pad,CTS-V,2007,88.15,81
238149544,Chevrolet,altenator,Express,2010,97.98,35
26422742,Ford,axle,Escort,2000,80.61,36
60076086,Mitsubishi,headlight,Galant,1985,44.50,12
172846675,Buick,mirror,Skyhawk,1988,17.71,11
182479489,Ford,radiator,Thunderbird,1991,88.32,5
558822383,Toyota,spark plug,Sienna,2000,88.10,58
986597502,Buick,brake pad,Skylark,1987,73.36,32
121818583,Ford,oil filter,Tempo,1989,76.24,80
337452523,Land Rover,air filter,LR2,2009,61.06,37
206175533,Ford,radiator hose,E-Series,1988,38.15,48
193473551,Dodge,battery,Ram 2500,2008,97.74,10
810676956,Pontiac,rotor,Firefly,1990,99.83,41
406943269,Acura,brake pad,RL,1999,46.63,79
362231511,Toyota,altenator,Matrix,2003,58.69,52
437689898,Lincoln,axle,Town Car,1985,94.40,95
588802819,Pontiac,headlight,Daewoo Kalos,2006,77.08,86
101749473,Lincoln,mirror,Town Car,2004,16.20,29
915763604,Mercedes-Benz,radiator,S-Class,1994,43.90,50
572466484,Dodge,spark plug,Ram 1500,2001,68.61,57
443115510,Mitsubishi,brake pad,Diamante,2001,44.15,17
253250705,Audi,oil filter,A6,1998,52.34,47
359721785,Oldsmobile,air filter,LSS,1998,64.23,28
625144644,Ford,radiator hose,F-Series,1987,19.90,5
472629891,Ford,battery,F350,2009,75.43,70
594232627,Suzuki,rotor,Aerio,2007,86.04,5
660650695,Dodge,brake pad,Ram Wagon B350,1992,76.32,91
282570663,Ford,altenator,LTD,1985,47.41,74
633716849,Land Rover,axle,LR3,2005,46.32,98
839281536,Mercury,headlight,Villager,2001,96.74,46
813667240,Lincoln,mirror,Continental,1994,32.60,80
539870781,Buick,radiator,Coachbuilder,1995,89.29,81
290383622,Rolls-Royce,spark plug,Ghost,2012,34.79,44
106399398,Chevrolet,brake pad,Camaro,1973,58.73,54
557558337,Acura,oil filter,NSX,2004,90.07,24
338724773,Volkswagen,air filter,Golf,1999,85.07,9
737813792,Volkswagen,radiator hose,rio,1998,30.81,15
803022159,Toyota,battery,Avalon,2012,31.46,45
795674828,Honda,rotor,Civic,1991,82.75,8
464497862,Saturn,brake pad,L-Series,2004,57.47,74
491692650,Cadillac,altenator,Catera,1997,15.30,85
132706447,Cadillac,axle,Catera,2000,30.73,43
447534533,Chevrolet,headlight,Malibu,1999,12.20,66
802740340,Toyota,mirror,Celica,1996,16.51,62
265232799,Honda,radiator,CR-V,2012,48.84,55
141497306,Mitsubishi,spark plug,Truck,1985,81.78,10
211313995,Mercury,brake pad,Grand Marquis,2009,98.97,29
460348185,Hyundai,oil filter,Sonata,1998,37.81,7
607267901,Infiniti,air filter,I,1998,54.28,43
545840723,Suzuki,radiator hose,Swift,2005,60.84,67
101487268,BMW,battery,Z4 M Roadster,2009,82.83,3
447388500,Mercedes-Benz,rotor,SL65 AMG,2006,48.92,76
478844994,Isuzu,brake pad,Space,1994,14.47,79
24876891,BMW,altenator,X3,2012,33.45,40
434008724,Oldsmobile,axle,Alero,2004,50.87,27
589307549,Saturn,headlight,L-Series,2000,13.14,98
946894437,Lotus,mirror,Elan,1993,32.20,18
953634372,Dodge,radiator,Ram Van B250,1993,68.86,23
808856762,Mazda,spark plug,GLC,1984,90.84,59
510595729,Ford,brake pad,E150,2007,23.39,31
17307883,GMC,oil filter,Savana 1500,2005,94.96,90
293074979,Honda,air filter,Accord,2002,23.42,30
857236410,Chrysler,radiator hose,Town & Country,1995,78.58,82
265995471,Volkswagen,battery,Passat,2006,92.13,85
253697742,Pontiac,rotor,LeMans,1993,55.99,5
233539396,Scion,brake pad,FR-S,2013,16.74,43
915490754,Jeep,altenator,Cherokee,1994,87.87,60
788759523,Dodge,axle,Dakota Club,2005,71.29,38
242801897,Mercury,headlight,Tracer,1996,49.28,19
208396954,Chevrolet,mirror,Venture,2000,75.00,4
340814823,Mercedes-Benz,radiator,W201,1987,42.56,48
508697400,Chevrolet,spark plug,Camaro,1974,61.64,19
135292164,Eagle,brake pad,Talon,1998,68.36,59
610364825,Chevrolet,oil filter,Corvette,1975,79.13,57
310921530,Cadillac,air filter,XLR-V,2007,18.42,30
963163070,Mazda,radiator hose,Tribute,2008,91.51,74
233371467,Ferrari,battery,F430,2009,46.38,83
486532412,Ford,rotor,Bronco II,1989,21.12,45
594346339,Chevrolet,brake pad,Caprice,1983,53.40,11
714388641,Acura,altenator,ZDX,2012,65.42,13
847693484,Kia,axle,Sportage,2007,92.44,17
544623023,Scion,headlight,xB,2011,30.43,75
440219539,Ford,mirror,Thunderbird,1987,97.27,47
357811460,Mazda,radiator,626,1994,42.52,23
19884433,Ford,spark plug,Bronco II,1986,75.16,56
581206108,Ford,brake pad,Expedition,2007,54.73,14
698282363,Subaru,oil filter,Loyale,1991,99.05,44
903860408,Jeep,air filter,Grand Cherokee,2010,65.97,91
854805054,Honda,radiator hose,CR-X,1985,39.67,68
474569550,Lincoln,battery,MKZ,2009,31.67,87
429952347,Mitsubishi,rotor,Starion,1987,37.12,77
926738813,Toyota,brake pad,Camry,1994,63.20,69
71784505,GMC,altenator,Savana 1500,2004,10.61,16
59938944,Land Rover,axle,Range Rover,2005,55.16,6
101819620,Chevrolet,headlight,Suburban 1500,1992,17.73,82
136066221,Nissan,mirror,Sentra,2004,66.91,48
435384281,Mercury,radiator,Sable,1996,38.15,75
80685508,Acura,spark plug,TL,1996,93.40,21
324360523,Acura,brake pad,TL,1997,41.84,63
986520447,Audi,oil filter,A4,1999,57.37,35
258994525,Lincoln,air filter,Continental Mark VII,1992,32.81,9
168471350,Dodge,radiator hose,Ram 2500,1995,44.23,61
419960349,Hyundai,battery,Accent,2011,81.07,78
954873598,Volkswagen,rotor,R32,2009,69.45,58
838242722,Volkswagen,brake pad,Tiguan,2009,23.95,86
272315691,Dodge,altenator,Magnum,2005,33.34,57
7532087,Cadillac,axle,Catera,2000,97.79,2
244981573,Saturn,headlight,Relay,2007,42.98,97
156966171,Chevrolet,mirror,Classic,2004,86.15,88
740283255,Acura,radiator,TL,2007,41.33,15
684810019,Mitsubishi,spark plug,Diamante,1994,48.74,29
759966327,Lamborghini,brake pad,Diablo,1994,98.08,79
306166528,Chevrolet,oil filter,Camaro,1973,30.32,15
833693738,GMC,air filter,Sierra 1500,2005,83.04,32
657202251,Nissan,radiator hose,350Z,2006,32.05,13
898101947,MINI,battery,Clubman,2010,15.88,89
724923278,Mitsubishi,rotor,Montero Sport,2003,57.11,77
412195655,Chrysler,brake pad,Concorde,2004,51.68,95
142445502,Hyundai,altenator,Tiburon,2007,81.34,43
347489801,Toyota,axle,Tacoma,2012,17.14,42
136079926,Buick,headlight,Regal,1989,71.10,73
523823812,Audi,mirror,90,1994,16.97,20
967906507,Chevrolet,radiator,Silverado 1500,2008,39.57,65
333944641,Mercury,spark plug,Grand Marquis,2000,59.90,43
198359560,Ford,brake pad,E-Series,1991,29.79,1
357743167,Porsche,oil filter,944,1983,94.51,59
83306172,Chevrolet,air filter,Corvette,1999,26.35,51
557424573,Ford,radiator hose,E150,2003,76.43,70
538910795,Audi,battery,A4,2002,20.58,69
544062135,Lotus,rotor,Esprit,1994,61.48,57
17233957,Lexus,brake pad,ES,2011,87.68,15
597945726,Ford,altenator,Expedition,2004,84.98,75
336978181,Toyota,axle,Prius,2006,40.48,41
436953845,Chrysler,headlight,Cirrus,1999,54.16,23
829285583,Dodge,mirror,Intrepid,2000,88.45,87
983971319,Saturn,radiator,VUE,2007,36.17,66
212224875,Bentley,spark plug,Continental GT,2007,92.07,71
632188355,Mercury,brake pad,Mountaineer,2009,65.92,60
297439689,Dodge,oil filter,D150 Club,1992,49.80,25
669016731,GMC,air filter,2500 Club Coupe,1997,31.87,6
163892356,Chevrolet,radiator hose,Camaro,1979,86.27,58
123928623,Chevrolet,battery,Colorado,2009,33.81,35
238348338,Pontiac,rotor,Grand Prix,2006,91.59,57
106813866,Mercury,brake pad,Grand Marquis,2000,42.61,26
357741178,Lotus,altenator,Esprit,1991,91.93,3
366240552,Volkswagen,axle,Passat,2001,73.73,24
590872929,Buick,headlight,Park Avenue,2000,83.59,54
67035322,Dodge,mirror,Grand Caravan,2009,38.15,84
6559214,Dodge,radiator,Challenger,2009,74.73,29
369315120,Ford,spark plug,Explorer,1995,70.15,40
632047942,Ford,brake pad,Explorer,2006,45.29,26
745005263,GMC,oil filter,Savana 1500,2003,53.45,45
79903041,Nissan,air filter,Frontier,1999,64.94,62
567709816,GMC,radiator hose,Envoy XL,2002,19.87,86
238495489,BMW,battery,M5,2008,99.52,75
646228726,Acura,rotor,MDX,2003,40.52,43
156158192,Volvo,brake pad,240,1993,69.96,19
664049676,Chevrolet,altenator,1500,1998,81.76,57
554222975,Land Rover,axle,LR2,2009,71.23,81
454158893,GMC,headlight,Sierra 1500,2002,94.51,35
891128105,Lincoln,mirror,Mark VII,1992,85.02,77
155493000,Porsche,radiator,Boxster,2007,17.98,71
652484427,Chevrolet,spark plug,Silverado 1500,2010,86.46,69
269055769,Chrysler,brake pad,300,2012,18.40,81
673284650,GMC,oil filter,Sonoma,2002,31.44,84
892985909,Ford,air filter,F250,1995,22.72,42
780766237,Volkswagen,radiator hose,Golf,1988,32.32,4
498986764,Geo,battery,Metro,1995,84.33,79
720506418,Buick,rotor,Electra,1985,27.01,11
539293742,Scion,brake pad,xA,2004,24.21,91
406418617,Ford,altenator,F250,2002,17.49,93
811626916,Dodge,axle,Dakota,2011,27.69,27
12976464,Pontiac,headlight,Grand Prix,1979,12.30,26
189593741,Infiniti,mirror,G,2008,76.73,49
765843501,Pontiac,radiator,Firebird,1967,56.22,7
35056385,Ford,spark plug,Freestar,2007,79.83,90
382137641,Ford,brake pad,Explorer Sport,2001,34.56,45
438669381,Toyota,oil filter,Tundra,2011,44.05,68
804105841,GMC,air filter,Savana 1500,2010,71.29,23
968541963,Dodge,radiator hose,Grand Caravan,2005,72.94,3
24289592,Mazda,battery,Mazdaspeed 3,2010,73.86,74
406746011,Nissan,rotor,Murano,2010,75.86,24
627424112,BMW,brake pad,6 Series,2010,18.95,5
809193589,BMW,altenator,3 Series,2010,12.22,12
52437191,Land Rover,axle,Range Rover Evoque,2012,38.99,13
97164898,Acura,headlight,RSX,2005,16.14,18
620376478,Chevrolet,mirror,Silverado,2001,23.46,26
351562691,Ford,radiator,Courier,1988,49.84,24
631149612,Dodge,spark plug,Ram,2003,49.60,71
579742072,Dodge,brake pad,Caravan,1997,78.02,94
349470433,Isuzu,oil filter,i-280,2006,76.76,3
482969354,Lincoln,air filter,Continental,1994,93.66,76
331430904,Chevrolet,radiator hose,Camaro,2000,19.19,38
18246409,Mazda,battery,Mazda2,2012,44.39,41
457216605,Mitsubishi,rotor,Raider,2009,73.35,22
971889147,Subaru,brake pad,Loyale,1991,12.08,90
547163207,GMC,altenator,Savana 2500,2009,69.25,96
346459257,Lexus,axle,GS,1994,33.11,91
722347237,Chevrolet,headlight,Sportvan G10,1993,30.63,80
960100862,Volkswagen,mirror,Golf,2011,84.44,6
715055651,Saturn,radiator,Relay,2006,68.98,10
910926280,Volkswagen,spark plug,GTI,1985,62.00,16
491682455,Chevrolet,brake pad,Express,2008,71.05,15
164798600,Ford,oil filter,Bronco,1993,65.79,3
891914059,Isuzu,air filter,Amigo,1999,83.23,42
271384944,Audi,radiator hose,A3,2011,92.03,78
45076024,Lexus,battery,RX,2009,54.96,1
712106112,Mercury,rotor,Mystique,1998,62.40,49
340376840,Mercedes-Benz,brake pad,SL-Class,1987,34.61,33
424520003,Toyota,altenator,Celica,1996,90.73,73
764175293,BMW,axle,X5,2007,95.36,34
102561445,Toyota,headlight,Tundra,2000,32.61,59
487516862,Chevrolet,mirror,Malibu,2002,72.00,44
965623600,Chevrolet,radiator,Express 3500,2009,55.42,57
32126864,Oldsmobile,spark plug,98,1992,67.24,80
641266097,BMW,brake pad,5 Series,1993,55.94,23
619800340,BMW,oil filter,6 Series,2009,23.59,93
382754502,Mazda,air filter,626,1995,38.14,45
988778854,Volvo,radiator hose,C70,2006,53.91,8
86256224,Dodge,battery,Ram Wagon B350,1992,89.24,13
446489893,Maybach,rotor,Landaulet,2009,41.30,93
742800504,GMC,brake pad,Envoy XL,2003,46.77,6
800016475,Mitsubishi,altenator,Mirage,2001,16.25,83
546334696,Ford,axle,Escort,1999,16.75,31
239463195,Lincoln,headlight,Continental Mark VII,1986,50.06,68
546885161,Ford,mirror,Galaxie,1964,32.91,73
185545260,Dodge,radiator,Caravan,2005,94.29,15
195423130,Maserati,spark plug,Quattroporte,2007,16.97,53
898171494,Chevrolet,brake pad,Tahoe,1995,48.43,77
203890969,Mercedes-Benz,oil filter,CL-Class,2010,48.48,34
17978278,Lexus,air filter,RX,2000,58.36,85
713103852,Ford,radiator hose,E-Series,1985,92.14,43
430123997,Geo,battery,Tracker,1993,72.61,92
502815943,Chrysler,rotor,PT Cruiser,2009,27.97,56
570329603,Nissan,brake pad,Murano,2010,51.03,75
689859249,Jeep,altenator,Compass,2008,64.14,57
63964000,Suzuki,axle,Reno,2006,34.63,20
695702534,Hyundai,headlight,Sonata,2004,44.01,58
169938519,Hummer,mirror,H1,2002,73.97,39
932136128,Nissan,radiator,Pathfinder,2006,70.08,34
347219011,Ford,spark plug,F250,2007,66.98,58
569867130,Chevrolet,brake pad,Impala,2001,32.70,84
77640572,GMC,oil filter,Yukon XL,2006,88.58,79
122416753,Chrysler,air filter,Town & Country,2004,12.02,82
958843665,Toyota,radiator hose,Land Cruiser,2007,56.12,86
657413095,Mazda,battery,MX-5,2005,64.08,1
322432140,Suzuki,rotor,Samurai,1992,26.16,4
208702485,Mitsubishi,brake pad,Chariot,1989,47.47,76
627988377,Mitsubishi,altenator,Montero,1996,51.52,8
642798764,Oldsmobile,axle,Bravada,2002,73.67,71
635109481,Toyota,headlight,4Runner,2010,25.13,9
260118226,BMW,mirror,650,2006,22.75,68
222117095,Dodge,radiator,Sprinter,2006,63.21,53
672140461,Porsche,spark plug,968,1994,38.30,2
252303449,BMW,brake pad,M6,2006,13.36,82
935625931,BMW,oil filter,X6 M,2010,57.58,86
922948958,Ford,air filter,Taurus,1997,95.58,13
908948015,Acura,radiator hose,NSX,1993,32.67,47
965391657,Toyota,battery,Corolla,1999,16.32,54
229963783,Subaru,rotor,Impreza,2005,35.83,46
912451569,Nissan,brake pad,Murano,2011,62.02,38
184253746,Lexus,altenator,LS,2011,39.16,52
221665301,Volvo,axle,C70,2007,35.55,2
671683689,Audi,headlight,RS 4,2007,54.58,90
68649060,Lotus,mirror,Esprit,1998,70.25,36
770390631,Ford,radiator,E-Series,1989,47.80,15
697807762,Mitsubishi,spark plug,Pajero,1984,61.29,52
17903289,Volkswagen,brake pad,Vanagon,1984,41.66,8
653313295,Mercedes-Benz,oil filter,E-Class,2002,83.26,92
538656360,Chevrolet,air filter,Astro,1998,33.87,37
64262547,Honda,radiator hose,Civic GX,2003,67.21,64
639311174,Lexus,battery,GS,1994,42.94,60
864163725,Chevrolet,rotor,Malibu,2004,83.01,67
595333325,Isuzu,brake pad,Trooper,1993,27.35,24
198211263,Aston Martin,altenator,DB9,2012,26.89,29
287997365,Buick,axle,Skylark,1986,55.22,96
852986311,Mazda,headlight,MX-3,1992,99.48,13
280041878,Volvo,mirror,S80,2006,76.35,37
235351466,Pontiac,radiator,Grand Prix,1965,88.14,16
829507752,GMC,spark plug,Suburban 1500,1996,55.79,7
871065592,Maserati,brake pad,Quattroporte,2008,37.46,35
51010074,BMW,oil filter,X5,2002,61.02,19
691417606,Mercury,air filter,Grand Marquis,2006,77.55,48
673040345,Kia,radiator hose,Sorento,2011,22.60,71
898196232,Dodge,battery,Ram Van 2500,2003,98.53,60
980099913,Ford,rotor,Transit Connect,2010,42.34,6
838969112,Chevrolet,brake pad,HHR,2007,75.65,11
797567827,Toyota,altenator,Land Cruiser,1993,60.76,22
153819606,Ford,axle,Explorer,2012,94.59,72
35201567,Ford,headlight,Explorer,2010,40.95,48
33367005,Suzuki,mirror,Grand Vitara,2000,65.69,7
86542758,Nissan,radiator,Murano,2009,39.70,64
556144615,Nissan,spark plug,Maxima,1993,26.43,27
629237007,Dodge,brake pad,Caravan,1995,90.87,83
85657519,Ford,oil filter,Bronco,1993,94.21,95
885131237,Infiniti,air filter,FX,2003,60.86,69
728219948,Land Rover,radiator hose,Discovery,2010,79.85,48
421928025,Toyota,battery,Corolla,2002,16.90,77
561458998,Honda,rotor,Prelude,1992,72.86,92
361343255,Ford,brake pad,Thunderbird,1997,86.29,38
502261155,Acura,altenator,SLX,1997,42.80,71
174577021,Lexus,axle,RX,2007,70.94,76
40486007,Dodge,headlight,Ram,2009,28.51,17
383721701,Mazda,mirror,MX-5,2011,66.03,95
872908308,Infiniti,radiator,M,2010,46.33,21
356118311,Chevrolet,spark plug,Caprice Classic,1995,21.73,44
677151134,Chevrolet,brake pad,Corsica,1995,32.28,34
524657245,MINI,oil filter,Cooper,2007,78.61,45
959271308,Honda,air filter,Prelude,1997,70.31,51
912118918,Lexus,radiator hose,IS,2008,29.97,10
51366042,Mercury,battery,Mountaineer,1997,79.02,87
489833847,GMC,rotor,3500,1998,35.68,96
867551858,Aston Martin,brake pad,DBS,2008,14.48,6
134498982,Saab,altenator,9000,1989,29.91,41
271972845,BMW,axle,X5,2008,43.48,95
508459854,Nissan,headlight,Pathfinder,2003,80.85,29
443059697,Isuzu,mirror,Rodeo,1998,66.78,46
274096185,Mercury,radiator,Sable,2004,99.93,8
870149791,Audi,spark plug,Allroad,2005,44.82,49
939121337,Chevrolet,brake pad,Suburban 1500,2006,50.42,76
599456820,Volkswagen,oil filter,Golf,1989,98.87,83
544623606,Mazda,air filter,B-Series,2003,43.21,17
320351082,Geo,radiator hose,Prizm,1992,81.87,20
239484006,Nissan,battery,Maxima,2009,31.96,97
331255022,Hyundai,rotor,Santa Fe,2003,67.79,93
103492809,Volkswagen,brake pad,Jetta,2010,43.05,65
958252651,Ford,altenator,Escape,2011,71.33,25
302397153,Lincoln,axle,Continental,1993,76.98,83
945478675,Ford,headlight,Ranger,2006,66.43,93
96741587,Ford,mirror,Contour,1998,74.52,89
902882883,Toyota,radiator,T100,1998,44.96,33
333034335,Chevrolet,spark plug,Monte Carlo,1997,49.87,11
280479421,Mercury,brake pad,Mountaineer,2000,96.75,61
78861974,Volkswagen,oil filter,GLI,2008,72.45,6
750257975,Land Rover,air filter,LR3,2009,37.66,89
92547873,Ford,radiator hose,E-Series,2010,77.70,20
11376454,Audi,battery,S4,2008,17.12,18
153849567,Dodge,rotor,Intrepid,1994,12.76,48
101860808,Toyota,brake pad,4Runner,2011,31.11,76
519365802,BMW,altenator,X5,2011,49.75,43
610007089,Jeep,axle,Liberty,2003,86.46,17
462324851,Dodge,headlight,Ram 3500,2008,33.79,73
855563646,Toyota,mirror,Prius,2008,36.45,17
379157035,Chevrolet,radiator,Express 1500,2009,82.95,83
537433237,Mazda,spark plug,Tribute,2002,15.36,92
760631125,GMC,brake pad,EV1,1999,80.69,31
721186525,Buick,oil filter,Century,2004,41.83,84
462325225,Bentley,air filter,Continental,2007,64.61,42
70866898,GMC,radiator hose,Sierra,2008,50.69,8
927931263,Jeep,battery,Grand Cherokee,1998,78.75,29
928649634,Subaru,rotor,Legacy,1997,49.57,24
495918696,Porsche,brake pad,Boxster,2002,91.06,12
467902675,Audi,altenator,S8,2007,74.00,51
280314368,Toyota,axle,Camry,1997,32.22,63
842002692,Pontiac,headlight,Tempest,1965,16.45,70
257443640,Infiniti,mirror,J,1997,38.06,49
296343261,Chevrolet,radiator,Express,2007,13.69,1
304454435,Plymouth,spark plug,Voyager,1998,92.37,18
286536406,Volkswagen,brake pad,Rabbit,2009,68.84,69
529066951,Toyota,oil filter,Avalon,2005,36.64,97
54652360,Chevrolet,air filter,Colorado,2009,75.00,57
293097147,Saab,radiator hose,9-5,2009,54.49,33
66869816,Ford,battery,Fairlane,1967,81.48,65
282655658,Ford,rotor,Taurus,2001,58.88,63
470032204,Honda,brake pad,del Sol,1993,63.15,73
303573382,Land Rover,altenator,Range Rover,2006,58.29,71
364382308,Dodge,axle,Durango,2011,77.12,3
555842523,Toyota,headlight,Sienna,1999,20.93,23
840591059,Mitsubishi,mirror,Outlander Sport,2011,44.54,83
916674990,Ford,radiator,Festiva,1993,38.56,64
937864738,Mazda,spark plug,929,1995,89.10,97
746527001,Dodge,brake pad,Intrepid,1994,29.75,4
699808351,Ferrari,oil filter,599 GTB Fiorano,2009,42.79,24
323041606,Honda,air filter,Prelude,1994,12.80,61
669821884,Jaguar,radiator hose,X-Type,2008,79.53,73
5078402,Chrysler,battery,Sebring,1997,27.63,56
729655335,Mercury,rotor,Topaz,1987,26.52,20
645745304,Maybach,brake pad,62,2010,55.29,33
95722360,BMW,altenator,6 Series,2009,26.39,99
722061016,Mitsubishi,axle,Endeavor,2009,87.72,64
748934695,Ford,headlight,Thunderbird,1990,24.39,60
534480833,Toyota,mirror,Tacoma,2004,43.49,27
677288661,Isuzu,radiator,Rodeo,1993,76.94,9
270546563,Nissan,spark plug,Sentra,1997,32.27,87
813468703,Volkswagen,brake pad,Touareg,2012,61.77,68
693117309,Chrysler,oil filter,Town & Country,1993,12.87,97
98380609,MINI,air filter,Cooper Countryman,2012,53.47,19
866371216,Volkswagen,radiator hose,Jetta III,1995,74.61,85
383011280,Daihatsu,battery,Charade,1992,73.04,33
854163531,Toyota,rotor,Tacoma Xtra,1998,76.46,85
64640933,Dodge,brake pad,Dakota Club,1994,46.73,45
199028362,Toyota,altenator,RAV4,2012,43.92,13
883215838,Mitsubishi,axle,Galant,2007,45.80,77
694686184,Toyota,headlight,Paseo,1995,58.93,70
927326611,Mitsubishi,mirror,Cordia,1986,93.13,9
147911140,Hummer,radiator,H1,2000,75.56,71
76052160,Dodge,spark plug,Magnum,2008,97.52,33
751971963,Mercury,brake pad,Villager,2001,77.53,74
539698919,Ford,oil filter,Five Hundred,2006,84.34,48
415820960,Land Rover,air filter,Range Rover Sport,2007,47.56,25
522252068,Acura,radiator hose,TL,2004,70.82,92
857021898,Audi,battery,90,1993,83.71,59
859232106,Dodge,rotor,Intrepid,2003,65.94,90
153619260,Ford,brake pad,Windstar,1999,91.96,24
387512029,Subaru,altenator,Impreza,1997,88.28,19
636139912,Lincoln,axle,MKS,2013,58.33,68
10659568,Hyundai,headlight,Tucson,2006,97.26,80
430263460,Toyota,mirror,RAV4,2002,64.91,62
989355227,Pontiac,radiator,Gemini,1989,13.07,49
950131455,Isuzu,spark plug,Amigo,1999,95.87,57
124288275,Maybach,brake pad,57,2006,22.04,13
840509669,Chevrolet,oil filter,Metro,1999,11.85,32
868792327,Dodge,air filter,Dakota,2006,54.86,78
342451180,Pontiac,radiator hose,Sunfire,1997,40.25,31
310070376,Pontiac,battery,Grand Prix,1969,92.93,88
706509962,Lotus,rotor,Esprit,2002,68.57,46
302661857,Mazda,brake pad,B-Series,2009,80.93,33
69715684,Eagle,altenator,Summit,1996,47.13,92
630274100,Mercedes-Benz,axle,SL-Class,2007,38.19,97
536272229,GMC,headlight,2500,1999,45.10,50
829881282,Mercedes-Benz,mirror,500E,1993,54.40,20
153165930,Lincoln,radiator,Mark VII,1992,77.82,27
791210858,Scion,spark plug,tC,2013,70.35,100
700253404,Land Rover,brake pad,Range Rover,2011,76.62,6
588526875,BMW,oil filter,Z4,2009,74.82,97
700674863,Ford,air filter,Fairlane,1966,41.94,34
835118198,BMW,radiator hose,3 Series,1994,75.92,30
188815356,Chevrolet,battery,Corvette,1966,95.59,38
123065049,Subaru,rotor,Loyale,1994,64.71,93
197569990,Mitsubishi,brake pad,Challenger,2004,62.99,52
829020558,Mitsubishi,altenator,Lancer Evolution,2011,68.08,78
377433581,Geo,axle,Storm,1992,99.02,19
13782904,Toyota,headlight,Highlander Hybrid,2007,55.65,59
793820154,Ram,mirror,3500,2012,29.19,58
222067603,Buick,radiator,Park Avenue,1998,60.77,3
437781158,Toyota,spark plug,MR2,1987,88.62,2
779396573,Geo,brake pad,Prizm,1996,58.50,48
11356367,Suzuki,oil filter,XL7,2007,57.00,98
925083523,Buick,air filter,Lucerne,2008,86.69,93
778605987,Infiniti,radiator hose,QX56,2009,10.61,89
602779948,Ford,battery,LTD Crown Victoria,1989,35.74,92
465117027,BMW,rotor,5 Series,1997,64.16,26
203986255,Buick,brake pad,Park Avenue,1997,89.83,99
872773078,Bentley,altenator,Azure T,2010,36.17,81
221628795,Audi,axle,V8,1990,87.64,30
246920042,Kia,headlight,Optima,2010,98.61,18
572381600,GMC,mirror,Yukon,2010,70.08,89
283810791,Chevrolet,radiator,S10,2004,16.10,46
466370436,Honda,spark plug,Accord,1988,53.10,20
437070158,Mercedes-Benz,brake pad,CLS-Class,2008,75.67,61
695425227,Ford,oil filter,Focus,2003,96.15,91
929930087,Chevrolet,air filter,Cobalt,2010,69.29,81
201438557,Ford,radiator hose,Escort,2001,36.91,62
202085001,Mazda,battery,CX-7,2007,16.94,94
118438997,Geo,rotor,Prizm,1994,59.53,67
745901868,Lincoln,brake pad,Continental,1985,38.84,56
238668991,Honda,altenator,Civic,1994,56.39,81
738902155,Saab,axle,9000,1991,58.29,92
878326835,GMC,headlight,Yukon XL 1500,2004,70.15,19
421515479,Mazda,mirror,MX-5,2010,37.14,42
904954938,Kia,radiator,Rio,2005,40.64,47
464433617,Mercedes-Benz,spark plug,SLK-Class,2010,84.96,25
863499358,Hyundai,brake pad,Accent,2012,82.93,62
969096667,BMW,oil filter,8 Series,1994,58.37,74
678956678,Toyota,air filter,Celica,2000,93.36,27
387880860,Dodge,radiator hose,Caravan,2004,55.36,74
395563521,Infiniti,battery,QX,2011,29.22,91
796862074,Pontiac,rotor,Aztek,2002,89.34,63
399374194,Ferrari,brake pad,599 GTB Fiorano,2010,59.66,80
935604061,Chevrolet,altenator,Impala,2012,16.44,48
366210729,Lincoln,axle,Town Car,2008,11.18,51
590948869,Buick,headlight,Century,2000,82.76,82
273625782,Mitsubishi,mirror,Excel,1989,44.86,78
479026732,Toyota,radiator,Venza,2012,68.26,46
311468543,Volkswagen,spark plug,Fox,1989,11.69,39
891397520,Ford,brake pad,Contour,2000,94.98,67
134372805,GMC,oil filter,3500,1999,99.22,74
970563501,Jeep,air filter,Commander,2008,21.44,83
891257407,Audi,radiator hose,A6,1997,74.87,76
719047530,Pontiac,battery,Safari,1989,56.51,29
447308170,Ford,rotor,Ranger,1992,90.57,13
922087097,Volkswagen,brake pad,Cabriolet,1985,40.12,41
46147118,Mitsubishi,altenator,Challenger,2001,16.35,21
154824454,Chevrolet,axle,Express 1500,2005,99.55,30
587550173,Nissan,headlight,Datsun/Nissan Z-car,1990,77.81,24
836984413,Toyota,mirror,Highlander,2002,46.49,37
932982349,Oldsmobile,radiator,Aurora,1996,22.98,67
35584685,Maserati,spark plug,Gran Sport,2006,27.69,2
2359806,Honda,brake pad,CR-X,1985,49.24,76
70488038,Mitsubishi,oil filter,Montero,2006,30.32,17
945121723,Maserati,air filter,430,1991,59.26,48
546895434,Jeep,radiator hose,Cherokee,1996,80.57,98
337070341,Buick,battery,LaCrosse,2009,82.19,33
215784564,Buick,rotor,Regal,1987,76.94,53
780399853,GMC,brake pad,Savana,2010,82.70,54
772939513,Ford,altenator,Explorer,2008,87.27,61
715923891,Volkswagen,axle,Cabriolet,1990,97.16,38
284274572,Nissan,headlight,Quest,2009,68.69,49
241816582,Pontiac,mirror,Grand Am,1985,57.53,79
610634518,Porsche,radiator,Cayenne,2003,28.93,78
185042564,Pontiac,spark plug,Bonneville,1994,25.31,93
421420949,Nissan,brake pad,200SX,1998,20.89,60
210634160,Mitsubishi,oil filter,Endeavor,2006,70.48,100
117557870,Mercury,air filter,Topaz,1985,95.65,49
249216156,GMC,radiator hose,Yukon XL 1500,2008,43.98,96
234980487,Mitsubishi,battery,Galant,2004,46.27,24
167237325,Infiniti,rotor,QX,2008,57.30,1
72103734,Volkswagen,brake pad,Passat,2007,71.06,91
300650776,Daewoo,altenator,Leganza,2002,25.22,65
705729223,Audi,axle,S6,2007,53.76,92
895413807,Suzuki,headlight,Swift,2004,45.11,56
250333846,Eagle,mirror,Talon,1996,23.13,85
594661852,Ford,radiator,Bronco II,1984,74.99,64
858407241,Mitsubishi,spark plug,Challenger,2003,20.19,10
430219637,GMC,brake pad,Vandura G1500,1995,81.65,67
540686565,Audi,oil filter,A6,2009,30.35,3
490910426,Maserati,air filter,Karif,1990,99.74,75
85400648,Chevrolet,radiator hose,Camaro,1973,18.50,45
123665671,Nissan,battery,Quest,2000,68.01,86
861928176,GMC,rotor,Sonoma Club Coupe,1994,61.82,51
859615465,Chevrolet,brake pad,Equinox,2010,47.93,65
202356905,Mercedes-Benz,altenator,CLK-Class,2003,73.39,3
574836747,Chevrolet,axle,1500,1993,64.84,79
900369483,Mercury,headlight,Tracer,1989,41.23,5
764321244,Mazda,mirror,MX-5,2006,99.75,97
929921115,Chevrolet,radiator,Colorado,2008,13.26,21
209593262,Toyota,spark plug,Avalon,2002,72.11,62
744927307,Chevrolet,brake pad,Impala,1994,46.79,35
803199151,Lamborghini,oil filter,Gallardo,2004,27.02,30
32176883,Chevrolet,air filter,HHR,2007,79.77,85
540221426,Mercedes-Benz,radiator hose,G-Class,2010,52.67,30
401915523,Lotus,battery,Elise,2008,88.97,26
852963317,Ford,rotor,Ranger,2007,47.33,71
188129478,Ford,brake pad,Mustang,1995,27.58,79
842205254,Mitsubishi,altenator,Mirage,1996,35.88,51
102195676,Land Rover,axle,Range Rover,2003,49.18,15
464565551,Dodge,headlight,Nitro,2008,49.56,89
977763237,Mitsubishi,mirror,L300,1988,22.78,56
6810445,Land Rover,radiator,LR3,2007,91.81,43
521653752,Ford,spark plug,Edge,2010,51.72,37
186029954,Hyundai,brake pad,Sonata,1993,86.27,74
224078684,Maserati,oil filter,430,1989,58.93,8
131578656,Buick,air filter,Skylark,1985,89.50,20
951911955,Acura,radiator hose,TL,2006,67.57,89
232281806,Dodge,battery,Challenger,2011,59.91,19
281593830,Subaru,rotor,Tribeca,2012,92.73,90
594726899,Mercedes-Benz,brake pad,C-Class,2007,49.73,80
870866043,Hyundai,altenator,Santa Fe,2010,76.53,12
945804649,Hummer,axle,H1,1999,98.09,69
727677242,Pontiac,headlight,6000,1985,27.16,99
200037261,Lincoln,mirror,Continental Mark VII,1986,76.04,88
199346526,Saturn,radiator,VUE,2008,86.44,1
928865939,Pontiac,spark plug,Firebird,1988,23.53,4
467042710,Mitsubishi,brake pad,Pajero,1985,45.08,9
492769844,Chevrolet,oil filter,Corvette,1986,99.74,90
190672586,Mazda,air filter,Mazda5,2006,40.38,73
999012255,Suzuki,radiator hose,Swift,2001,94.65,60
978149630,Hyundai,battery,Genesis Coupe,2013,38.53,73
50578317,Chevrolet,rotor,Suburban 1500,2007,37.35,49
30900044,Ford,brake pad,Escort,2004,71.41,52
569735447,Mercury,altenator,Cougar,1995,64.71,54
744777400,Jaguar,axle,S-Type,2005,71.18,73
876629760,Chevrolet,headlight,G-Series G10,1993,14.29,4
667694801,Kia,mirror,Sedona,2011,44.68,5
28922273,Pontiac,radiator,Bonneville,1984,24.50,93
23922707,Pontiac,spark plug,1000,1984,41.92,69
49348460,Nissan,brake pad,Maxima,2008,58.38,67
86188800,Mitsubishi,oil filter,Challenger,1999,72.25,73
84958863,Mazda,air filter,MX-5,2009,97.12,55
534521972,Chevrolet,radiator hose,Suburban 1500,1993,11.24,100
921064022,Ford,battery,Crown Victoria,1992,91.96,97
102818964,Ford,rotor,E-Series,2010,33.20,28
820687199,MINI,brake pad,Cooper,2009,86.52,14
661685576,Volkswagen,altenator,Type 2,1987,16.55,47
379132303,Lexus,axle,LS,1992,93.76,65
323911198,Mitsubishi,headlight,Endeavor,2011,71.73,9
639514313,Lincoln,mirror,MKZ,2007,56.58,97
893978326,Bentley,radiator,Azure,2010,64.28,8
875591371,Chevrolet,spark plug,Astro,1992,51.86,91
93291004,Chevrolet,brake pad,Colorado,2005,37.76,27
64619682,GMC,oil filter,Sonoma,1997,32.78,88
370696235,Ford,air filter,Th!nk,2001,25.79,94
707577029,Toyota,radiator hose,Highlander,2005,93.61,36
932074763,Chrysler,battery,Concorde,1994,87.29,6
90463700,Ford,rotor,F-Series,2003,69.13,81
890874988,Honda,brake pad,Fit,2010,68.76,14
480570639,Pontiac,altenator,Grand Prix,1974,85.36,92
351328243,Lotus,axle,Esprit,1989,95.34,76
790080901,Mercedes-Benz,headlight,SLK-Class,2011,21.69,98
556182795,Audi,mirror,S6,2002,84.59,2
493792643,Chrysler,radiator,Pacifica,2006,51.48,24
479326614,Hyundai,spark plug,Santa Fe,2008,65.29,78
228282746,Infiniti,brake pad,QX56,2011,17.87,35
453421943,Saturn,oil filter,S-Series,2001,34.79,7
205616782,Subaru,air filter,Impreza,2012,21.84,49
440017856,Mercury,radiator hose,Tracer,1993,61.02,7
953283937,Ford,battery,Crown Victoria,2008,56.75,79
638597927,Volkswagen,rotor,Cabriolet,1995,98.84,94
383108099,Mazda,brake pad,Protege,1998,93.09,56
525623924,Acura,altenator,RSX,2002,80.81,23
993711007,Ford,axle,Mustang,2006,50.88,42
433655422,Subaru,headlight,Alcyone SVX,1993,15.41,65
844676491,Hummer,mirror,H2,2003,40.04,79
311660748,Pontiac,radiator,Trans Sport,1996,81.78,88
903797020,GMC,spark plug,3500,1995,91.54,60
369007746,Saturn,brake pad,Aura,2008,34.13,96
620933398,Mitsubishi,oil filter,Montero Sport,2003,31.31,21
481629338,Cadillac,air filter,Escalade ESV,2004,44.71,14
256314418,Cadillac,radiator hose,Allante,1992,81.24,34
797518368,Audi,battery,A8,2005,25.83,18
465548717,Maybach,rotor,57,2010,84.04,17
677989147,Volvo,brake pad,XC60,2012,64.57,49
343500166,Nissan,altenator,Sentra,2007,47.28,23
246762699,Mazda,axle,Mazda5,2010,33.81,26
689646145,Ford,headlight,Expedition,1997,74.83,54
181963448,Lexus,mirror,SC,1995,79.91,49
804800852,Lotus,radiator,Esprit,1998,80.66,81
101883871,Maserati,spark plug,Spyder,2003,46.51,53
665090695,Eagle,brake pad,Talon,1994,18.84,81
42834599,Morgan,oil filter,Aero 8,2008,42.44,20
149518010,Pontiac,air filter,Safari,1988,22.56,82
887220055,Hyundai,radiator hose,Veracruz,2008,46.48,3
494383852,Nissan,battery,Altima,2001,91.12,44
396666563,Lexus,rotor,RX,1999,86.43,46
560826778,Kia,brake pad,Sportage,2000,99.06,66
495998226,Pontiac,altenator,Sunbird,1985,58.05,6
779829997,Dodge,axle,Ram Van B150,1994,18.23,93
135424870,Chevrolet,headlight,Uplander,2006,77.70,85
169693324,Mazda,mirror,B-Series Plus,2001,22.52,95
479306283,Buick,radiator,Special,1962,44.79,48
268341728,GMC,spark plug,Vandura G3500,1995,97.54,32
745207942,Honda,brake pad,Odyssey,2007,35.36,13
115341420,Acura,oil filter,ZDX,2012,30.01,45
826616760,Kia,air filter,Sephia,1998,92.96,80
622662759,Chevrolet,radiator hose,Sportvan G10,1992,82.13,39
185769287,Lexus,battery,GS,1995,92.28,100
368395602,Chevrolet,rotor,Lumina,2001,25.91,19
422663152,Dodge,brake pad,Durango,2012,22.00,99
461540428,Chrysler,altenator,Concorde,1996,14.35,50
961291034,GMC,axle,Yukon XL 2500,2001,56.10,37
737701989,Chevrolet,headlight,Silverado 1500,1999,60.18,75
856310033,Audi,mirror,Cabriolet,1998,59.92,20
360922227,Kia,radiator,Spectra,2007,80.58,54
385232170,Dodge,spark plug,Ram 3500,2000,34.54,22
701215809,Mazda,brake pad,CX-7,2009,24.24,18
671529433,Mercedes-Benz,oil filter,C-Class,2001,48.14,91
362520740,Ford,air filter,Contour,2000,24.91,88
247557120,Volkswagen,radiator hose,Jetta III,1994,75.67,60
312655819,Ford,battery,F-Series,1994,89.42,41
759539931,Buick,rotor,Regal,1988,28.63,52
103267182,Lotus,brake pad,Esprit,1992,56.42,19
58639551,GMC,altenator,Acadia,2012,76.55,78
297117990,Lincoln,axle,Continental,1985,19.51,26
793642029,Kia,headlight,Rio,2002,90.66,4
993133939,Porsche,mirror,Panamera,2010,69.47,66
91167815,Isuzu,radiator,Rodeo,1994,56.27,30
23002978,Toyota,spark plug,Sequoia,2011,84.56,44
478750163,Lexus,brake pad,IS,2001,19.51,22
337736533,Jaguar,oil filter,S-Type,2007,99.31,74
163352120,Buick,air filter,Regal,1997,69.12,5
344766537,Mazda,radiator hose,Familia,1991,37.83,45
431565077,GMC,battery,Sonoma Club Coupe,1993,68.77,72
381612128,Infiniti,rotor,QX56,2010,37.83,7
441506182,Nissan,brake pad,240SX,1998,14.01,29
376355211,Toyota,altenator,Sequoia,2001,45.28,74
905155011,Ford,axle,Explorer,2007,60.36,32
369879494,Chevrolet,headlight,Astro,1994,65.83,51
122891000,Mercedes-Benz,mirror,GL-Class,2010,15.75,55
102570905,Toyota,radiator,4Runner,1994,96.88,37
282504760,Pontiac,spark plug,G8,2009,33.76,86
180883132,Ford,brake pad,E-Series,2010,36.40,42
552311110,Volkswagen,oil filter,Golf,1990,29.86,17
553506563,Isuzu,air filter,Oasis,1998,10.09,74
677004315,Mitsubishi,radiator hose,Precis,1993,23.85,34
212071285,Ford,battery,Expedition,2001,71.83,89
380647908,Buick,rotor,Riviera,1996,21.45,95
655449272,Buick,brake pad,Regal,2011,28.08,9
343607311,Lincoln,altenator,Navigator,2009,54.36,42
147125019,Hyundai,axle,Sonata,2004,93.78,50
222618022,Ford,headlight,F250,1984,62.79,93
90189632,Mitsubishi,mirror,Mighty Max,1986,23.16,39
9792325,Mercury,radiator,Sable,2008,44.28,21
557811519,Chevrolet,spark plug,Corvette,1963,17.56,71
816779580,GMC,brake pad,Acadia,2012,76.39,82
317331562,Saab,oil filter,9000,1986,17.79,37
422487112,Buick,air filter,LeSabre,1993,13.08,23
766261331,Nissan,radiator hose,Frontier,1998,62.96,14
640290173,Chevrolet,battery,Tahoe,1996,84.81,5
209780707,Chevrolet,rotor,Blazer,1998,53.92,59
763522964,Cadillac,brake pad,Sixty Special,1993,69.70,4
511464672,Mercedes-Benz,altenator,GL-Class,2008,90.77,44
924532484,Toyota,axle,Prius,2010,51.21,26
492329613,Nissan,headlight,Altima,2012,90.46,67
258262723,Oldsmobile,mirror,Achieva,1998,54.75,14
314305961,Toyota,radiator,Corolla,1997,19.86,69
26961650,Chrysler,spark plug,LHS,1994,52.32,35
174749088,Suzuki,brake pad,SX4,2011,87.10,95
445246815,Mercury,oil filter,Marquis,1984,12.49,59
313794743,Oldsmobile,air filter,Aurora,1998,37.69,3
128656883,Chrysler,radiator hose,New Yorker,1995,50.51,100
27949238,Audi,battery,S8,2007,67.66,100
598137763,Audi,rotor,R8,2010,38.20,71
5861319,Hyundai,brake pad,Accent,2004,63.98,80
971113213,Mercury,altenator,Cougar,1967,75.89,16
48640884,Suzuki,axle,Swift,1991,84.74,56
205564332,Nissan,headlight,Frontier,2005,73.81,43
988994383,Mitsubishi,mirror,Eclipse,2008,40.82,67
448181880,Chevrolet,radiator,Corvette,1989,95.78,28
804433957,Acura,spark plug,TSX,2007,15.42,68
896076017,GMC,brake pad,Envoy,2007,73.56,82
206591675,Mercedes-Benz,oil filter,SL-Class,1984,46.83,67
111694674,Lamborghini,air filter,Countach,1990,48.05,92
435629331,Maserati,radiator hose,Quattroporte,1985,82.34,35
295135699,Chevrolet,battery,2500,1994,95.43,56
767467075,Ford,rotor,Escape,2008,26.52,68
983392901,Subaru,brake pad,Loyale,1990,71.98,13
829550655,BMW,altenator,325,2004,69.45,21
103728022,Infiniti,axle,FX,2006,39.95,58
259426863,Mercedes-Benz,headlight,500SEL,1993,50.12,47
684773944,Volkswagen,mirror,Jetta,2002,87.83,20
419735391,Ferrari,radiator,F430,2008,31.04,81
809786208,Mazda,spark plug,MX-5,2003,32.64,91
196600783,Isuzu,brake pad,Rodeo,2001,42.83,81
187604953,Lexus,oil filter,SC,1992,68.48,6
890477732,Honda,air filter,Pilot,2007,97.87,49
807094929,Buick,radiator hose,LeSabre,1997,10.91,94
161192920,Volkswagen,battery,CC,2011,70.88,57
319874374,Bentley,rotor,Mulsanne,2011,96.43,79
738414570,Chevrolet,brake pad,Silverado,2003,34.20,52
220282082,Scion,altenator,xD,2011,45.40,35
624303657,Dodge,axle,Intrepid,1995,37.36,46
910256164,Subaru,headlight,XT,1986,27.89,35
996533559,Chevrolet,mirror,Aveo,2006,26.59,8
636989646,Ford,radiator,Torino,1970,50.65,7
525033060,Volvo,spark plug,S40,2006,65.35,81
617367195,Chevrolet,brake pad,Lumina,1999,48.87,4
887632982,Jeep,oil filter,Patriot,2008,76.55,69
727315125,Dodge,air filter,Ram 3500,2000,57.06,75
837139834,Bentley,radiator hose,Continental Flying Spur,2009,70.97,8
153879125,Saturn,battery,Outlook,2008,61.97,83
228671883,Acura,rotor,MDX,2007,79.68,24
969637517,GMC,brake pad,Savana 3500,1998,47.60,92
711113281,Mazda,altenator,MX-3,1996,73.27,31
465171906,Eagle,axle,Talon,1996,30.59,5
379174164,Jeep,headlight,Wrangler,2002,36.78,17
316577930,Chevrolet,mirror,G-Series 2500,1998,25.86,31
925507405,Honda,radiator,Fit,2010,55.78,32
141154430,Toyota,spark plug,Sequoia,2012,68.96,75
776010244,Ford,brake pad,Bronco,1986,50.34,41
335553295,Volkswagen,oil filter,Golf,2010,16.65,96
931017417,Chevrolet,air filter,Monte Carlo,1973,93.03,6
950437925,Lexus,radiator hose,LX,1999,76.48,63
550739293,Cadillac,battery,Escalade,2004,63.68,46
405309717,Ford,rotor,Explorer Sport Trac,2009,11.34,41
3259880,Volkswagen,brake pad,Golf,1993,78.99,86
360423192,Suzuki,altenator,Esteem,1996,59.88,32
921450915,Mitsubishi,axle,Mirage,1994,72.28,82
634820570,Mercedes-Benz,headlight,E-Class,2012,86.12,31
791332819,GMC,mirror,3500 Club Coupe,1992,38.04,84
740808324,Chevrolet,radiator,Monte Carlo,2006,42.00,64
417800841,GMC,spark plug,Canyon,2006,85.42,44
441080333,Audi,brake pad,riolet,1998,67.61,37
970499641,Audi,oil filter,A6,2007,42.13,85
606949250,Chevrolet,air filter,Camaro,1973,41.54,17
59064297,Chevrolet,radiator hose,TrailBlazer,2005,86.50,58
527832391,Subaru,battery,Forester,1998,27.17,20
832092110,Lincoln,rotor,LS,2000,23.96,59
187920927,Chevrolet,brake pad,Avalanche 2500,2005,78.61,78
471588280,Nissan,altenator,Sentra,2011,46.82,13
786252286,Ford,axle,Explorer,2005,29.74,29
728592836,Lotus,headlight,Exige,2009,19.86,30
861989922,Ford,mirror,LTD,1985,81.13,28
354616307,Porsche,radiator,Boxster,2006,28.27,75
161938886,Isuzu,spark plug,Hombre,2000,60.07,41
424048220,Mitsubishi,brake pad,Chariot,1995,79.24,93
454298160,Jaguar,oil filter,X-Type,2005,71.74,86
593202564,Hyundai,air filter,Tiburon,2004,73.97,54
211471356,Dodge,radiator hose,Neon,1998,28.28,43
434610157,Subaru,battery,Alcyone SVX,1997,20.69,38
357890884,GMC,rotor,Vandura 2500,1993,79.50,72
257693713,Chevrolet,brake pad,Metro,2001,62.28,50
309638249,BMW,altenator,7 Series,2001,24.80,68
72969581,Acura,axle,TSX,2009,11.24,56
383113803,Chevrolet,headlight,Corvette,1985,27.05,10
461068914,Subaru,mirror,Impreza,1998,26.15,3
484079050,Mercedes-Benz,radiator,C-Class,2011,65.56,7
533826854,Eagle,spark plug,Premier,1992,12.77,87
862724206,BMW,brake pad,525,2004,52.47,85
345241685,Mercedes-Benz,oil filter,GL-Class,2012,68.17,25
995136437,Porsche,air filter,Boxster,2010,38.90,48
945224122,Nissan,radiator hose,Maxima,2007,25.77,70
320317144,Ford,battery,F250,2000,88.21,31
762469947,Infiniti,rotor,QX,2005,76.67,80
839982408,Buick,brake pad,Roadmaster,1995,30.76,94
401823390,Cadillac,altenator,STS,2006,35.05,3
14219996,Mazda,axle,Mazda3,2005,90.69,91
52773255,Mercedes-Benz,headlight,E-Class,1997,65.85,54
481104097,Kia,mirror,Spectra,2003,21.65,70
802112028,Subaru,radiator,Outback,2004,18.37,48
820623789,Mitsubishi,spark plug,Pajero,1992,27.58,39
728860210,Land Rover,brake pad,Range Rover,2012,15.21,2
988205060,Ford,oil filter,F150,2009,53.47,4
658156963,Volkswagen,air filter,GLI,2008,45.64,21
720830645,Ferrari,radiator hose,F430,2007,60.36,77
792845352,Toyota,battery,Tacoma,2010,61.02,71
908097470,Mercedes-Benz,rotor,R-Class,2011,44.53,99
322954974,Toyota,brake pad,Tacoma Xtra,1999,20.83,36
634110356,Mitsubishi,altenator,Raider,2006,10.30,21
166439583,Chrysler,axle,Town & Country,1997,78.58,92
150583138,Pontiac,headlight,Bonneville,1967,57.17,13
622790856,Volvo,mirror,S40,2006,96.62,100
151100903,Mercedes-Benz,radiator,300SE,1993,25.52,71
809433065,Dodge,spark plug,Neon,1999,70.52,27
149457453,Audi,brake pad,200,1989,20.49,67
648638764,Volkswagen,oil filter,Tiguan,2010,64.19,50
237011635,GMC,air filter,Sierra 2500HD,2006,28.75,17
179494803,Dodge,radiator hose,Durango,2004,99.94,5
589116020,Mitsubishi,battery,GTO,1997,82.10,86
594816743,BMW,rotor,X5,2000,46.92,85
939577361,Honda,brake pad,Insight,2002,29.98,20
865074475,Volvo,altenator,S60,2002,43.71,42
793719046,Chevrolet,axle,Citation,1980,62.79,46
60350628,Honda,headlight,Ridgeline,2009,10.35,15
739779527,Mercedes-Benz,mirror,R-Class,2007,43.93,45
630495634,Lincoln,radiator,Aviator,2004,67.72,40
498044450,Toyota,spark plug,Highlander,2001,20.13,58
230420467,Chrysler,brake pad,PT Cruiser,2008,19.04,97
791322630,Ford,oil filter,E150,1984,79.99,6
484675059,Ford,air filter,Taurus,1991,46.22,22
347490198,Audi,radiator hose,A3,2007,87.01,4
623408559,Mazda,battery,MX-5,1998,23.93,8
657788238,Oldsmobile,rotor,Bravada,2002,73.42,14
551080631,Mercedes-Benz,brake pad,G-Class,2012,78.90,92
247642094,Chrysler,altenator,Town & Country,2000,86.77,61
245271139,Honda,axle,CR-Z,2012,65.92,37
814095250,Saab,headlight,9-5,2006,11.67,16
311962707,Toyota,mirror,Sequoia,2010,95.99,60
822499481,Lexus,radiator,RX Hybrid,2006,58.83,19
530746701,Porsche,spark plug,968,1992,74.93,100
67878069,Chevrolet,brake pad,Malibu,1997,65.17,89
15124542,Ford,oil filter,E350,2011,67.26,88
29619423,Mazda,air filter,626,2001,38.81,67
286787196,Mitsubishi,radiator hose,Outlander,2006,72.78,70
566079957,Lexus,battery,SC,2007,45.22,69
570974060,Chrysler,rotor,Town & Country,2009,70.33,57
927839164,Toyota,brake pad,Tacoma,2000,60.43,40
8364422,Mitsubishi,altenator,Truck,1986,87.15,17
337475532,Ford,axle,E-Series,2010,86.22,63
333145901,CitroÃ«n,headlight,CX,1989,99.33,7
352782319,Ford,mirror,F-Series,1995,24.93,95
509141286,GMC,radiator,Sierra 2500,2001,97.57,66
115308385,Mitsubishi,spark plug,Mirage,1985,85.97,98
336173268,MINI,brake pad,Cooper,2004,49.08,1
865734895,Hyundai,oil filter,XG350,2004,88.09,59
671744859,BMW,air filter,Z4,2008,12.66,40
877371329,Kia,radiator hose,Rio,2009,22.75,96
838496176,Chevrolet,battery,Suburban,2007,82.02,62
508474457,Ford,rotor,GT500,2009,45.31,68
104733559,Volkswagen,brake pad,Quantum,1984,57.35,94
943338178,Austin,altenator,Mini Cooper,1964,87.44,66
602739193,BMW,axle,Z8,2000,13.40,13
794183921,BMW,headlight,650,2006,63.84,23
662947155,Acura,mirror,SLX,1998,24.28,22
640384765,Subaru,radiator,Legacy,1992,19.84,96
271303973,Eagle,spark plug,Talon,1995,15.19,25
631978472,Aston Martin,brake pad,Rapide,2011,91.01,32
937895145,Nissan,oil filter,Frontier,2009,35.80,76
238818301,Chevrolet,air filter,Camaro,2012,40.12,24
513312538,Pontiac,radiator hose,Grand Am,1985,98.59,39
962133999,Maserati,battery,GranTurismo,2010,75.04,35
77467451,GMC,rotor,Yukon XL 1500,2006,99.26,30
667128140,Saab,brake pad,9000,1990,73.57,28
536639318,Mercedes-Benz,altenator,E-Class,2005,22.26,24
5644190,Dodge,axle,Ram Van 3500,1997,62.52,54
472035743,Ferrari,headlight,599 GTB Fiorano,2010,31.34,65
376955439,Ford,mirror,Excursion,2005,98.44,2
126970526,Porsche,radiator,928,1988,47.49,14
911277224,Oldsmobile,spark plug,Alero,2004,22.39,37
353645063,Chevrolet,brake pad,Sportvan G10,1992,20.17,28
291695033,GMC,oil filter,Savana,2010,89.94,17
843071311,Plymouth,air filter,Volare,1976,25.73,49
268165243,Mazda,radiator hose,Mazda3,2004,14.84,24
2436112,Mercedes-Benz,battery,SL-Class,1994,92.07,38
957173062,Chrysler,rotor,Prowler,2002,51.17,5
85668475,Saab,brake pad,9-3,2005,23.41,93
205748996,Honda,altenator,S2000,2006,54.94,48
915643507,Toyota,axle,4Runner,2010,52.66,72
871951655,GMC,headlight,Safari,2001,60.29,30
489318994,Chevrolet,mirror,Colorado,2006,69.43,39
427060667,Toyota,radiator,T100 Xtra,1995,87.11,85
441242000,Plymouth,spark plug,Neon,1996,66.63,72
365525796,Chrysler,brake pad,Concorde,2002,84.08,94
107108206,Volkswagen,oil filter,Jetta,2007,20.71,50
557054938,Audi,air filter,Coupe GT,1987,36.37,93
719223395,Ford,radiator hose,Explorer Sport,2002,26.08,15
367710453,Buick,battery,LeSabre,1990,22.11,48
83179067,BMW,rotor,1 Series,2009,73.02,84
380655248,Mercury,brake pad,Grand Marquis,2000,16.01,76
983224186,Dodge,altenator,Charger,2010,41.62,98
216926340,Volvo,axle,S40,2011,45.15,9
487122165,Jeep,headlight,Wrangler,1998,50.62,18
5917992,Chrysler,mirror,Crossfire,2008,55.97,65
126790090,Toyota,radiator,Celica,2000,23.78,85
352782084,Ford,spark plug,F-Series,2007,65.66,38
501828075,Mercedes-Benz,brake pad,W201,1984,17.01,68
142309990,Chevrolet,oil filter,Monza,1975,77.00,57
431052280,Porsche,air filter,928,1985,46.12,22
629610128,Infiniti,radiator hose,M,1992,78.82,79
390401559,BMW,battery,530,2002,63.58,79
935452956,Ford,rotor,Mustang,1964,29.23,80
647595290,Subaru,brake pad,Impreza WRX,2010,49.89,21
224194999,Dodge,altenator,Ram 1500,1996,64.48,47
956992086,Chevrolet,axle,G-Series G20,1992,92.69,30
259011046,Ford,headlight,Freestar,2004,87.32,23
153504846,MINI,mirror,Cooper,2002,22.50,72
681009215,Nissan,radiator,Frontier,2001,20.05,21
707679533,Ford,spark plug,E250,2007,83.27,43
947862753,GMC,brake pad,Rally Wagon G2500,1995,74.92,85
367045574,Volvo,oil filter,S60,2004,19.93,60
98866482,Land Rover,air filter,Range Rover,1996,61.80,86
112183180,Dodge,radiator hose,Caravan,1997,97.59,66
215817427,Pontiac,battery,G5,2007,27.44,3
649927495,Toyota,rotor,Land Cruiser,2011,12.43,32
674024746,Infiniti,brake pad,J,1996,74.45,33
465253199,Infiniti,altenator,FX,2005,41.04,13
399840438,Hummer,axle,H1,2003,95.38,58
412102351,Chevrolet,headlight,Cobalt,2007,25.58,58
465749804,Lamborghini,mirror,Gallardo,2005,52.04,5
738838801,Chrysler,radiator,300M,2002,78.38,66
148140249,Saab,spark plug,9-5,2002,79.12,71
732959174,Toyota,brake pad,Celica,2002,76.45,15
105694335,Cadillac,oil filter,Fleetwood,1995,30.47,14
372827792,Nissan,air filter,Versa,2010,72.32,58
723649740,Pontiac,radiator hose,Firefly,1987,56.51,95
272690375,Ford,battery,F150,2007,90.66,6
671249522,Ford,rotor,Mustang,1988,54.33,74
311293254,Mercedes-Benz,brake pad,Sprinter 2500,2011,59.24,4
376489695,GMC,altenator,Jimmy,1997,17.79,72
735001934,Mercury,axle,Sable,2008,32.55,59
465164552,Dodge,headlight,Viper,2008,15.59,21
417459137,Toyota,mirror,Sequoia,2001,49.34,37
235381517,Subaru,radiator,Forester,2008,84.29,78
445075564,Mercury,spark plug,Mystique,2000,50.70,75
408515148,Mazda,brake pad,MX-6,1988,36.19,45
304604053,Mitsubishi,oil filter,GTO,1995,48.09,11
491848577,Ram,air filter,1500,2012,87.05,3
808334586,Ford,radiator hose,Mustang,1979,48.74,86
373937601,Mercury,battery,Mariner,2010,54.18,36
19835941,Ford,rotor,Windstar,2002,85.45,33
679716038,Mercedes-Benz,brake pad,S-Class,2006,19.44,96
833672639,Cadillac,altenator,Catera,1999,95.34,11
130553445,Nissan,axle,Quest,1994,18.78,76
802608592,Pontiac,headlight,6000,1988,27.60,84
568096999,Chevrolet,mirror,Express,2007,53.56,73
